minute_of_year,compressorStatus ,upperElementStatus ,lowerElementStatus,Ta,inputCompKWH,inputResKWH,draw,inletT,T[0],T[1],T[2],T[3],T[4],T[5],T[6],T[7],T[8],T[9],T[10],T[11],simTCouples0,simTCouples1,simTCouples2,simTCouples3,simTCouples4,simTCouples5,COP
1,0,0,0,50.000000,0.000000,0.000000,1.800000,50.000000,111.464144,111.464144,120.685196,120.685196,122.990460,122.990460,122.990460,122.990460,122.990460,122.990460,122.990460,122.990460,111.464144,120.685196,122.990460,122.990460,122.990460,122.990460,2.212883
2,0,0,0,50.000000,0.000000,0.000000,1.800000,50.000000,102.995702,102.995702,115.742197,115.742197,122.544445,122.544445,122.981231,122.981231,122.981231,122.981231,122.981231,122.981231,102.995702,115.742197,122.544445,122.981231,122.981231,122.981231,2.382471
3,0,0,0,50.000000,0.000000,0.000000,1.800000,50.000000,96.340939,96.340939,109.922713,109.922713,121.246682,121.246682,122.889556,122.889556,122.972315,122.972315,122.972315,122.972315,96.340939,109.922713,121.246682,122.889556,122.972315,122.972315,2.540014
4,0,0,0,50.000000,0.000000,0.000000,1.800000,50.000000,90.850075,90.850075,104.042591,104.042591,119.092484,119.092484,122.569671,122.569671,122.948031,122.948031,122.963712,122.963712,90.850075,104.042591,119.092484,122.569671,122.948031,122.963712,2.683461
5,0,0,0,50.000000,0.000000,0.000000,1.800000,50.000000,86.173919,86.173919,98.462516,98.462516,116.232634,116.232634,121.902544,121.902544,122.868050,122.868050,122.952449,122.952449,86.173919,98.462516,116.232634,121.902544,122.868050,122.952449,2.812712
6,0,0,0,50.000000,0.000000,0.000000,1.800000,50.000000,82.114306,82.114306,93.323798,93.323798,112.857685,112.857685,120.820266,120.820266,122.677133,122.677133,122.928478,122.928478,82.114306,93.323798,112.857685,120.820266,122.677133,122.928478,2.928525
7,0,0,0,50.000000,0.000000,0.000000,1.800000,50.000000,78.550223,78.550223,88.663826,88.663826,109.148859,109.148859,119.303898,119.303898,122.317637,122.317637,122.873187,122.873187,78.550223,88.663826,109.148859,119.303898,122.317637,122.873187,3.031985
8,0,0,0,50.000000,0.000000,0.000000,1.800000,50.000000,75.401161,75.401161,84.472399,84.472399,105.260129,105.260129,117.372430,117.372430,121.739257,121.739257,122.760569,122.760569,75.401161,84.472399,105.260129,117.372430,121.739257,122.760569,3.124261
9,0,0,0,50.000000,0.000000,0.000000,0.000000,50.000000,75.393806,75.393806,84.465044,84.465044,105.252773,105.252773,117.365075,117.365075,121.731902,121.731902,122.753214,122.753214,75.393806,84.465044,105.252773,117.365075,121.731902,122.753214,3.124446
10,0,0,0,50.000000,0.000000,0.000000,0.000000,50.000000,75.386452,75.386452,84.457690,84.457690,105.245419,105.245419,117.357720,117.357720,121.724548,121.724548,122.745860,122.745860,75.386452,84.457690,105.245419,117.357720,121.724548,122.745860,3.124631
11,0,0,0,50.000000,0.000000,0.000000,0.000000,50.000000,75.379098,75.379098,84.450336,84.450336,105.238066,105.238066,117.350367,117.350367,121.717195,121.717195,122.738507,122.738507,75.379098,84.450336,105.238066,117.350367,121.717195,122.738507,3.124815
12,0,0,0,50.000000,0.000000,0.000000,0.000000,50.000000,75.371746,75.371746,84.442984,84.442984,105.230714,105.230714,117.343015,117.343015,121.709843,121.709843,122.731155,122.731155,75.371746,84.442984,105.230714,117.343015,121.709843,122.731155,3.125000
13,0,0,0,50.000000,0.000000,0.000000,0.000000,50.000000,75.364395,75.364395,84.435633,84.435633,105.223363,105.223363,117.335664,117.335664,121.702492,121.702492,122.723803,122.723803,75.364395,84.435633,105.223363,117.335664,121.702492,122.723803,3.125185
14,1,0,0,50.000000,0.012158,0.000000,1.800000,50.000000,73.512507,73.512507,81.416945,81.416945,101.288312,101.288312,115.033727,115.033727,120.868056,120.868056,122.523252,122.523252,73.512507,81.416945,101.288312,115.033727,120.868056,122.523252,3.207327
15,1,0,0,50.000000,0.012017,0.000000,1.800000,50.000000,71.777025,71.777025,78.851986,78.851986,97.537958,97.537958,112.422672,112.422672,119.755839,119.755839,122.202868,122.202868,71.777025,78.851986,97.537958,112.422672,119.755839,122.202868,3.261294
16,1,0,0,50.000000,0.011893,0.000000,1.800000,50.000000,70.185375,70.185375,76.617978,76.617978,94.031265,94.031265,109.596101,109.596101,118.359905,118.359905,121.732724,121.732724,70.185375,76.617978,94.031265,109.596101,118.359905,121.732724,3.309162
17,1,0,0,50.000000,0.011784,0.000000,1.800000,50.000000,68.736901,68.736901,74.641059,74.641059,90.795420,90.795420,106.641091,106.641091,116.693172,116.693172,121.087435,121.087435,68.736901,74.641059,90.795420,106.641091,116.693172,121.087435,3.351845
18,1,0,0,50.000000,0.011686,0.000000,1.800000,50.000000,67.419871,67.419871,72.871869,72.871869,87.839173,87.839173,103.633438,103.633438,114.782614,114.782614,120.248875,120.248875,67.419871,72.871869,87.839173,103.633438,114.782614,120.248875,3.390104
19,1,0,0,50.000000,0.011599,0.000000,1.800000,50.000000,66.220225,66.220225,71.275401,71.275401,85.157629,85.157629,100.636361,100.636361,112.664452,112.664452,119.207462,119.207462,66.220225,71.275401,85.157629,100.636361,112.664452,119.207462,3.424594
20,1,0,0,50.000000,0.011520,0.000000,1.800000,50.000000,65.125711,65.125711,69.826677,69.826677,82.734883,82.734883,97.700388,97.700388,110.380027,110.380027,117.962291,117.962291,65.125711,69.826677,82.734883,97.700388,110.380027,117.962291,3.455848
21,1,0,0,50.000000,0.011449,0.000000,1.800000,50.000000,64.126792,64.126792,68.507970,68.507970,80.547817,80.547817,94.863818,94.863818,107.972421,107.972421,116.520460,116.520460,64.126792,68.507970,80.547817,94.863818,107.972421,116.520460,3.484277
22,1,0,0,50.000000,0.011494,0.000000,0.000000,50.000000,64.869702,64.869702,69.182829,69.182829,80.824438,80.824438,94.863817,94.863817,107.967246,107.967246,116.515232,116.515232,64.869702,69.182829,80.824438,94.863817,107.967246,116.515232,3.466243
23,1,0,0,50.000000,0.011538,0.000000,0.000000,50.000000,65.601907,65.601907,69.848444,69.848444,81.117443,81.117443,94.865049,94.865049,107.962047,107.962047,116.509966,116.509966,65.601907,69.848444,81.117443,94.865049,107.962047,116.509966,3.448472
24,1,0,0,50.000000,0.011583,0.000000,0.000000,50.000000,66.324071,66.324071,70.505387,70.505387,81.425293,81.425293,94.867792,94.867792,107.956828,107.956828,116.504663,116.504663,66.324071,70.505387,81.425293,94.867792,107.956828,116.504663,3.430950
25,1,0,0,50.000000,0.011626,0.000000,0.000000,50.000000,67.036807,67.036807,71.154189,71.154189,81.746496,81.746496,94.872377,94.872377,107.951592,107.951592,116.499323,116.499323,67.036807,71.154189,81.746496,94.872377,107.951592,116.499323,3.413659
26,1,0,0,50.000000,0.011670,0.000000,0.000000,50.000000,67.740656,67.740656,71.795317,71.795317,82.079631,82.079631,94.879196,94.879196,107.946344,107.946344,116.493945,116.493945,67.740656,71.795317,82.079631,94.879196,107.946344,116.493945,3.396587
27,1,0,0,50.000000,0.011581,0.000000,1.800000,50.000000,66.190398,66.190398,70.555757,70.555757,80.470136,80.470136,92.465418,92.465418,105.465528,105.465528,114.869270,114.869270,66.190398,70.555757,80.470136,92.465418,105.465528,114.869270,3.431497
28,1,0,0,50.000000,0.011501,0.000000,1.800000,50.000000,64.919336,64.919336,69.259089,69.259089,78.941762,78.941762,90.210569,90.210569,102.997769,102.997769,113.082619,113.082619,64.919336,69.259089,78.941762,90.210569,102.997769,113.082619,3.463519
29,1,0,0,50.000000,0.011428,0.000000,1.800000,50.000000,63.833965,63.833965,68.004073,68.004073,77.470995,77.470995,88.102188,88.102188,100.570779,100.570779,111.167150,111.167150,63.833965,68.004073,77.470995,88.102188,100.570779,111.167150,3.492615
30,1,0,0,50.000000,0.011362,0.000000,1.800000,50.000000,62.883233,62.883233,66.829966,66.829966,76.055465,76.055465,86.126088,86.126088,98.204707,98.204707,109.154991,109.154991,62.883233,66.829966,76.055465,86.126088,98.204707,109.154991,3.518955
31,1,0,0,50.000000,0.011303,0.000000,1.800000,50.000000,62.037333,62.037333,65.748544,65.748544,74.699169,74.699169,84.270620,84.270620,95.913268,95.913268,107.075999,107.075999,62.037333,65.748544,74.699169,84.270620,95.913268,107.075999,3.542782
32,1,0,0,50.000000,0.011250,0.000000,1.800000,50.000000,61.277339,61.277339,64.759294,64.759294,73.406582,73.406582,82.527215,82.527215,93.705480,93.705480,104.956978,104.956978,61.277339,64.759294,73.406582,82.527215,93.705480,104.956978,3.564351
33,1,0,0,50.000000,0.011202,0.000000,1.800000,50.000000,60.590141,60.590141,63.856584,63.856584,72.180703,72.180703,80.889594,80.889594,91.587182,91.587182,102.821365,102.821365,60.590141,63.856584,72.180703,80.889594,91.587182,102.821365,3.583905
34,1,0,0,50.000000,0.011158,0.000000,1.800000,50.000000,59.965959,59.965959,63.033026,63.033026,71.022743,71.022743,79.352706,79.352706,89.562123,89.562123,100.689273,100.689273,59.965959,63.033026,71.022743,79.352706,89.562123,100.689273,3.601667
35,1,0,0,50.000000,0.011195,0.000000,0.000000,50.000000,60.565239,60.565239,63.597235,63.597235,71.441270,71.441270,79.478129,79.478129,89.564990,89.564990,100.685752,100.685752,60.565239,63.597235,71.441270,79.478129,89.564990,100.685752,3.586921
36,1,0,0,50.000000,0.011230,0.000000,0.000000,50.000000,61.157179,61.157179,64.154683,64.154683,71.858738,71.858738,79.615780,79.615780,89.569049,89.569049,100.682222,100.682222,61.157179,64.154683,71.858738,79.615780,89.569049,100.682222,3.572352
37,1,0,0,50.000000,0.011266,0.000000,0.000000,50.000000,61.741891,61.741891,64.705467,64.705467,72.274865,72.274865,79.765513,79.765513,89.574501,89.574501,100.678691,100.678691,61.741891,64.705467,72.274865,79.765513,89.574501,100.678691,3.557958
38,1,0,0,50.000000,0.011301,0.000000,0.000000,50.000000,62.319518,62.319518,65.249715,65.249715,72.689425,72.689425,79.927041,79.927041,89.581572,89.581572,100.675164,100.675164,62.319518,65.249715,72.689425,79.927041,89.581572,100.675164,3.543736
39,1,0,0,50.000000,0.011336,0.000000,0.000000,50.000000,62.890227,62.890227,65.787578,65.787578,73.102243,73.102243,80.099948,80.099948,89.590517,89.590517,100.671649,100.671649,62.890227,65.787578,73.102243,80.099948,89.590517,100.671649,3.529683
40,1,0,0,50.000000,0.011370,0.000000,0.000000,50.000000,63.454198,63.454198,66.319219,66.319219,73.513180,73.513180,80.283726,80.283726,89.601620,89.601620,100.668156,100.668156,63.454198,66.319219,73.513180,80.283726,89.601620,100.668156,3.515795
41,1,0,0,50.000000,0.011404,0.000000,0.000000,50.000000,64.011621,64.011621,66.844812,66.844812,73.922130,73.922130,80.477789,80.477789,89.615194,89.615194,100.664693,100.664693,64.011621,66.844812,73.922130,80.477789,89.615194,100.664693,3.502068
42,1,0,0,50.000000,0.011438,0.000000,0.000000,50.000000,64.562680,64.562680,67.364525,67.364525,74.329005,74.329005,80.681504,80.681504,89.631580,89.631580,100.661272,100.661272,64.562680,67.364525,74.329005,80.681504,89.631580,100.661272,3.488498
43,1,0,0,50.000000,0.011472,0.000000,0.000000,50.000000,65.107557,65.107557,67.878522,67.878522,74.733735,74.733735,80.894209,80.894209,89.651147,89.651147,100.657908,100.657908,65.107557,67.878522,74.733735,80.894209,89.651147,100.657908,3.475080
44,1,0,0,50.000000,0.011505,0.000000,0.000000,50.000000,65.646416,65.646416,68.386956,68.386956,75.136260,75.136260,81.115228,81.115228,89.674289,89.674289,100.654615,100.654615,65.646416,68.386956,75.136260,81.115228,89.674289,100.654615,3.461809
45,1,0,0,50.000000,0.011538,0.000000,0.000000,50.000000,66.179412,66.179412,68.889965,68.889965,75.536523,75.536523,81.343885,81.343885,89.701418,89.701418,100.651412,100.651412,66.179412,68.889965,75.536523,81.343885,89.701418,100.651412,3.448682
46,1,0,0,50.000000,0.011571,0.000000,0.000000,50.000000,66.706681,66.706681,69.387675,69.387675,75.934471,75.934471,81.579516,81.579516,89.732962,89.732962,100.648319,100.648319,66.706681,69.387675,75.934471,81.579516,89.732962,100.648319,3.435696
47,1,0,0,50.000000,0.011603,0.000000,0.000000,50.000000,67.228345,67.228345,69.880196,69.880196,76.330053,76.330053,81.821476,81.821476,89.769353,89.769353,100.645359,100.645359,67.228345,69.880196,76.330053,81.821476,89.769353,100.645359,3.422846
48,1,0,0,50.000000,0.011635,0.000000,0.000000,50.000000,67.744512,67.744512,70.367626,70.367626,76.723219,76.723219,82.069146,82.069146,89.811021,89.811021,100.642560,100.642560,67.744512,70.367626,76.723219,82.069146,89.811021,100.642560,3.410131
49,1,0,0,50.000000,0.011667,0.000000,0.000000,50.000000,68.255279,68.255279,70.850053,70.850053,77.113922,77.113922,82.321934,82.321934,89.858380,89.858380,100.639951,100.639951,68.255279,70.850053,77.113922,82.321934,89.858380,100.639951,3.397547
50,1,0,0,50.000000,0.011699,0.000000,0.000000,50.000000,68.760737,68.760737,71.327557,71.327557,77.502116,77.502116,82.579283,82.579283,89.911822,89.911822,100.637567,100.637567,68.760737,71.327557,77.502116,82.579283,89.911822,100.637567,3.385092
51,1,0,0,50.000000,0.011730,0.000000,0.000000,50.000000,69.260970,69.260970,71.800216,71.800216,77.887761,77.887761,82.840672,82.840672,89.971702,89.971702,100.635449,100.635449,69.260970,71.800216,77.887761,82.840672,89.971702,100.635449,3.372765
52,1,0,0,50.000000,0.011761,0.000000,0.000000,50.000000,69.756060,69.756060,72.268102,72.268102,78.270824,78.270824,83.105615,83.105615,90.038329,90.038329,100.633638,100.633638,69.756060,72.268102,78.270824,83.105615,90.038329,100.633638,3.360562
53,1,0,0,50.000000,0.011792,0.000000,0.000000,50.000000,70.246093,70.246093,72.731294,72.731294,78.651279,78.651279,83.373666,83.373666,90.111961,90.111961,100.632187,100.632187,70.246093,72.731294,78.651279,83.373666,90.111961,100.632187,3.348483
54,1,0,0,50.000000,0.011823,0.000000,0.000000,50.000000,70.731155,70.731155,73.189870,73.189870,79.029111,79.029111,83.644414,83.644414,90.192793,90.192793,100.631152,100.631152,70.731155,73.189870,79.029111,83.644414,90.192793,100.631152,3.336525
55,1,0,0,50.000000,0.011853,0.000000,0.000000,50.000000,71.211342,71.211342,73.643916,73.643916,79.404313,79.404313,83.917487,83.917487,90.280957,90.280957,100.630594,100.630594,71.211342,73.643916,79.404313,83.917487,90.280957,100.630594,3.324687
56,1,0,0,50.000000,0.011883,0.000000,0.000000,50.000000,71.686750,71.686750,74.093522,74.093522,79.776890,79.776890,84.192549,84.192549,90.376519,90.376519,100.630586,100.630586,71.686750,74.093522,79.776890,84.192549,90.376519,100.630586,3.312965
57,1,0,0,50.000000,0.011913,0.000000,0.000000,50.000000,72.157487,72.157487,74.538785,74.538785,80.146855,80.146855,84.469298,84.469298,90.479483,90.479483,100.631205,100.631205,72.157487,74.538785,80.146855,84.469298,90.479483,100.631205,3.301358
58,1,0,0,50.000000,0.011943,0.000000,0.000000,50.000000,72.623662,72.623662,74.979807,74.979807,80.514232,80.514232,84.747465,84.747465,90.589788,90.589788,100.632541,100.632541,72.623662,74.979807,80.514232,84.747465,90.589788,100.632541,3.289863
59,1,0,0,50.000000,0.011972,0.000000,0.000000,50.000000,73.085391,73.085391,75.416693,75.416693,80.879052,80.879052,85.026811,85.026811,90.707321,90.707321,100.634689,100.634689,73.085391,75.416693,80.879052,85.026811,90.707321,100.634689,3.278477
60,1,0,0,50.000000,0.012002,0.000000,0.000000,50.000000,73.542791,73.542791,75.849552,75.849552,81.241353,81.241353,85.307121,85.307121,90.831918,90.831918,100.637758,100.637758,73.542791,75.849552,81.241353,85.307121,90.831918,100.637758,3.267199
61,1,0,0,50.000000,0.012031,0.000000,0.000000,50.000000,73.995981,73.995981,76.278496,76.278496,81.601178,81.601178,85.588208,85.588208,90.963374,90.963374,100.641866,100.641866,73.995981,76.278496,81.601178,85.588208,90.963374,100.641866,3.256024
62,1,0,0,50.000000,0.012060,0.000000,0.000000,50.000000,74.445080,74.445080,76.703633,76.703633,81.958573,81.958573,85.869903,85.869903,91.101448,91.101448,100.647142,100.647142,74.445080,76.703633,81.958573,85.869903,91.101448,100.647142,3.244950
63,1,0,0,50.000000,0.012088,0.000000,0.000000,50.000000,74.890205,74.890205,77.125071,77.125071,82.313585,82.313585,86.152058,86.152058,91.245873,91.245873,100.653727,100.653727,74.890205,77.125071,82.313585,86.152058,91.245873,100.653727,3.233975
64,1,0,0,50.000000,0.012117,0.000000,0.000000,50.000000,75.331468,75.331468,77.542916,77.542916,82.666261,82.666261,86.434538,86.434538,91.396361,91.396361,100.661773,100.661773,75.331468,77.542916,82.666261,86.434538,91.396361,100.661773,3.223095
65,1,0,0,50.000000,0.012145,0.000000,0.000000,50.000000,75.768976,75.768976,77.957266,77.957266,83.016649,83.016649,86.717223,86.717223,91.552612,91.552612,100.671445,100.671445,75.768976,77.957266,83.016649,86.717223,91.552612,100.671445,3.212307
66,1,0,0,50.000000,0.012173,0.000000,0.000000,50.000000,76.202831,76.202831,78.368216,78.368216,83.364792,83.364792,87.000004,87.000004,91.714313,91.714313,100.682916,100.682916,76.202831,78.368216,83.364792,87.000004,91.714313,100.682916,3.201610
67,1,0,0,50.000000,0.012201,0.000000,0.000000,50.000000,76.633129,76.633129,78.775855,78.775855,83.710732,83.710732,87.282781,87.282781,91.881151,91.881151,100.696374,100.696374,76.633129,78.775855,83.710732,87.282781,91.881151,100.696374,3.191001
68,1,0,0,50.000000,0.012228,0.000000,0.000000,50.000000,77.059957,77.059957,79.180264,79.180264,84.054508,84.054508,87.565461,87.565461,92.052812,92.052812,100.712011,100.712011,77.059957,79.180264,84.054508,87.565461,92.052812,100.712011,3.180477
69,1,0,0,50.000000,0.012256,0.000000,0.000000,50.000000,77.483397,77.483397,79.581518,79.581518,84.396153,84.396153,87.847959,87.847959,92.228984,92.228984,100.730031,100.730031,77.483397,79.581518,84.396153,87.847959,92.228984,100.730031,3.170036
70,1,0,0,50.000000,0.012283,0.000000,0.000000,50.000000,77.903523,77.903523,79.979686,79.979686,84.735698,84.735698,88.130195,88.130195,92.409362,92.409362,100.750641,100.750641,77.903523,79.979686,84.735698,88.130195,92.409362,100.750641,3.159676
71,1,0,0,50.000000,0.012310,0.000000,0.000000,50.000000,78.320402,78.320402,80.374829,80.374829,85.073171,85.073171,88.412094,88.412094,92.593648,92.593648,100.774053,100.774053,78.320402,80.374829,85.073171,88.412094,92.593648,100.774053,3.149397
72,1,0,0,50.000000,0.012338,0.000000,0.000000,50.000000,78.734095,78.734095,80.767005,80.767005,85.408595,85.408595,88.693585,88.693585,92.781554,92.781554,100.800480,100.800480,78.734095,80.767005,85.408595,88.693585,92.781554,100.800480,3.139195
73,1,0,0,50.000000,0.012364,0.000000,0.000000,50.000000,79.144660,79.144660,81.156266,81.156266,85.741991,85.741991,88.974602,88.974602,92.972803,92.972803,100.830130,100.830130,79.144660,81.156266,85.741991,88.974602,92.972803,100.830130,3.129070
74,1,0,0,50.000000,0.012391,0.000000,0.000000,50.000000,79.552149,79.552149,81.542660,81.542660,86.073379,86.073379,89.255083,89.255083,93.167130,93.167130,100.863209,100.863209,79.552149,81.542660,86.073379,89.255083,93.167130,100.863209,3.119020
75,1,0,0,50.000000,0.012418,0.000000,0.000000,50.000000,79.956611,79.956611,81.926233,81.926233,86.402776,86.402776,89.534969,89.534969,93.364280,93.364280,100.899912,100.899912,79.956611,81.926233,86.402776,89.534969,93.364280,100.899912,3.109044
76,1,0,0,50.000000,0.012444,0.000000,0.000000,50.000000,80.358093,80.358093,82.307026,82.307026,86.730199,86.730199,89.814209,89.814209,93.564014,93.564014,100.940421,100.940421,80.358093,82.307026,86.730199,89.814209,93.564014,100.940421,3.099140
77,1,0,0,50.000000,0.012470,0.000000,0.000000,50.000000,80.756639,80.756639,82.685082,82.685082,87.055665,87.055665,90.092752,90.092752,93.766106,93.766106,100.984905,100.984905,80.756639,82.685082,87.055665,90.092752,93.766106,100.984905,3.089308
78,1,0,0,50.000000,0.012497,0.000000,0.000000,50.000000,81.152296,81.152296,83.060443,83.060443,87.379192,87.379192,90.370556,90.370556,93.970343,93.970343,101.033511,101.033511,81.152296,83.060443,87.379192,90.370556,93.970343,101.033511,3.079547
79,1,0,0,50.000000,0.012522,0.000000,0.000000,50.000000,81.545110,81.545110,83.433151,83.433151,87.700799,87.700799,90.647580,90.647580,94.176525,94.176525,101.086367,101.086367,81.545110,83.433151,87.700799,90.647580,94.176525,101.086367,3.069856
80,1,0,0,50.000000,0.012548,0.000000,0.000000,50.000000,81.935126,81.935126,83.803248,83.803248,88.020508,88.020508,90.923793,90.923793,94.384468,94.384468,101.143579,101.143579,81.935126,83.803248,88.020508,90.923793,94.384468,101.143579,3.060232
81,1,0,0,50.000000,0.012574,0.000000,0.000000,50.000000,82.322393,82.322393,84.170780,84.170780,88.338340,88.338340,91.199165,91.199165,94.593999,94.593999,101.205226,101.205226,82.322393,84.170780,88.338340,91.199165,94.593999,101.205226,3.050676
82,1,0,0,50.000000,0.012600,0.000000,0.000000,50.000000,82.706963,82.706963,84.535794,84.535794,88.654322,88.654322,91.473674,91.473674,94.804960,94.804960,101.271364,101.271364,82.706963,84.535794,88.654322,91.473674,94.804960,101.271364,3.041186
83,1,0,0,50.000000,0.012625,0.000000,0.000000,50.000000,83.088887,83.088887,84.898338,84.898338,88.968483,88.968483,91.747303,91.747303,95.017205,95.017205,101.342022,101.342022,83.088887,84.898338,88.968483,91.747303,95.017205,101.342022,3.031761
84,1,0,0,50.000000,0.012650,0.000000,0.000000,50.000000,83.468221,83.468221,85.258463,85.258463,89.280853,89.280853,92.020038,92.020038,95.230601,95.230601,101.417205,101.417205,83.468221,85.258463,89.280853,92.020038,95.230601,101.417205,3.022400
85,1,0,0,50.000000,0.012675,0.000000,0.000000,50.000000,83.845023,83.845023,85.616224,85.616224,89.591467,89.591467,92.291873,92.291873,95.445027,95.445027,101.496896,101.496896,83.845023,85.616224,89.591467,92.291873,95.445027,101.496896,3.013101
86,1,0,0,50.000000,0.012700,0.000000,0.000000,50.000000,84.219350,84.219350,85.971675,85.971675,89.900359,89.900359,92.562804,92.562804,95.660373,95.660373,101.581054,101.581054,84.219350,85.971675,89.900359,92.562804,95.660373,101.581054,3.003863
87,1,0,0,50.000000,0.012725,0.000000,0.000000,50.000000,84.591266,84.591266,86.324874,86.324874,90.207569,90.207569,92.832832,92.832832,95.876538,95.876538,101.669619,101.669619,84.591266,86.324874,90.207569,92.832832,95.876538,101.669619,2.994685
88,1,0,0,50.000000,0.012750,0.000000,0.000000,50.000000,84.960831,84.960831,86.675878,86.675878,90.513135,90.513135,93.101961,93.101961,96.093433,96.093433,101.762513,101.762513,84.960831,86.675878,90.513135,93.101961,96.093433,101.762513,2.985564
89,1,0,0,50.000000,0.012775,0.000000,0.000000,50.000000,85.328110,85.328110,87.024748,87.024748,90.817101,90.817101,93.370201,93.370201,96.310976,96.310976,101.859641,101.859641,85.328110,87.024748,90.817101,93.370201,96.310976,101.859641,2.976500
90,1,0,0,50.000000,0.012799,0.000000,0.000000,50.000000,85.693166,85.693166,87.371542,87.371542,91.119506,91.119506,93.637560,93.637560,96.529094,96.529094,101.960898,101.960898,85.693166,87.371542,91.119506,93.637560,96.529094,101.960898,2.967491
91,1,0,0,50.000000,0.012824,0.000000,0.000000,50.000000,86.056063,86.056063,87.716322,87.716322,91.420396,91.420396,93.904052,93.904052,96.747722,96.747722,102.066164,102.066164,86.056063,87.716322,91.420396,93.904052,96.747722,102.066164,2.958536
92,1,0,0,50.000000,0.012848,0.000000,0.000000,50.000000,86.416865,86.416865,88.059146,88.059146,91.719812,91.719812,94.169692,94.169692,96.966800,96.966800,102.175315,102.175315,86.416865,88.059146,91.719812,94.169692,96.966800,102.175315,2.949632
93,1,0,0,50.000000,0.012872,0.000000,0.000000,50.000000,86.775636,86.775636,88.400075,88.400075,92.017800,92.017800,94.434496,94.434496,97.186276,97.186276,102.288217,102.288217,86.775636,88.400075,92.017800,94.434496,97.186276,102.288217,2.940779
94,1,0,0,50.000000,0.012897,0.000000,0.000000,50.000000,87.132437,87.132437,88.739166,88.739166,92.314400,92.314400,94.698482,94.698482,97.406103,97.406103,102.404733,102.404733,87.132437,88.739166,92.314400,94.698482,97.406103,102.404733,2.931975
95,1,0,0,50.000000,0.012921,0.000000,0.000000,50.000000,87.487330,87.487330,89.076477,89.076477,92.609657,92.609657,94.961667,94.961667,97.626237,97.626237,102.524722,102.524722,87.487330,89.076477,92.609657,94.961667,97.626237,102.524722,2.923218
96,1,0,0,50.000000,0.012945,0.000000,0.000000,50.000000,87.840374,87.840374,89.412064,89.412064,92.903611,92.903611,95.224071,95.224071,97.846641,97.846641,102.648044,102.648044,87.840374,89.412064,92.903611,95.224071,97.846641,102.648044,2.914507
97,1,0,0,50.000000,0.012968,0.000000,0.000000,50.000000,88.191628,88.191628,89.745982,89.745982,93.196303,93.196303,95.485712,95.485712,98.067279,98.067279,102.774556,102.774556,88.191628,89.745982,93.196303,95.485712,98.067279,102.774556,2.905840
98,1,0,0,50.000000,0.012992,0.000000,0.000000,50.000000,88.541147,88.541147,90.078283,90.078283,93.487774,93.487774,95.746609,95.746609,98.288121,98.288121,102.904118,102.904118,88.541147,90.078283,93.487774,95.746609,98.288121,102.904118,2.897216
99,1,0,0,50.000000,0.013016,0.000000,0.000000,50.000000,88.888985,88.888985,90.409018,90.409018,93.778061,93.778061,96.006782,96.006782,98.509139,98.509139,103.036592,103.036592,88.888985,90.409018,93.778061,96.006782,98.509139,103.036592,2.888634
100,1,0,0,50.000000,0.013040,0.000000,0.000000,50.000000,89.235195,89.235195,90.738236,90.738236,94.067202,94.067202,96.266248,96.266248,98.730305,98.730305,103.171841,103.171841,89.235195,90.738236,94.067202,96.266248,98.730305,103.171841,2.880092
101,1,0,0,50.000000,0.013063,0.000000,0.000000,50.000000,89.579827,89.579827,91.065985,91.065985,94.355232,94.355232,96.525026,96.525026,98.951599,98.951599,103.309734,103.309734,89.579827,91.065985,94.355232,96.525026,98.951599,103.309734,2.871589
102,1,0,0,50.000000,0.013087,0.000000,0.000000,50.000000,89.922930,89.922930,91.392309,91.392309,94.642185,94.642185,96.783134,96.783134,99.172997,99.172997,103.450141,103.450141,89.922930,91.392309,94.642185,96.783134,99.172997,103.450141,2.863124
103,1,0,0,50.000000,0.013110,0.000000,0.000000,50.000000,90.264548,90.264548,91.717253,91.717253,94.928095,94.928095,97.040589,97.040589,99.394480,99.394480,103.592939,103.592939,90.264548,91.717253,94.928095,97.040589,99.394480,103.592939,2.854696
104,1,0,0,50.000000,0.013133,0.000000,0.000000,50.000000,90.604727,90.604727,92.040857,92.040857,95.212993,95.212993,97.297407,97.297407,99.616030,99.616030,103.738006,103.738006,90.604727,92.040857,95.212993,97.297407,99.616030,103.738006,2.846303
105,1,0,0,50.000000,0.013157,0.000000,0.000000,50.000000,90.943508,90.943508,92.363161,92.363161,95.496908,95.496908,97.553604,97.553604,99.837632,99.837632,103.885228,103.885228,90.943508,92.363161,95.496908,97.553604,99.837632,103.885228,2.837945
106,1,0,0,50.000000,0.013180,0.000000,0.000000,50.000000,91.280932,91.280932,92.684202,92.684202,95.779870,95.779870,97.809195,97.809195,100.059268,100.059268,104.034494,104.034494,91.280932,92.684202,95.779870,97.809195,100.059268,104.034494,2.829620
107,1,0,0,50.000000,0.013203,0.000000,0.000000,50.000000,91.617036,91.617036,93.004018,93.004018,96.061905,96.061905,98.064195,98.064195,100.280926,100.280926,104.185695,104.185695,91.617036,93.004018,96.061905,98.064195,100.280926,104.185695,2.821327
108,1,0,0,50.000000,0.013226,0.000000,0.000000,50.000000,91.951856,91.951856,93.322640,93.322640,96.343039,96.343039,98.318618,98.318618,100.502591,100.502591,104.338732,104.338732,91.951856,93.322640,96.343039,98.318618,100.502591,104.338732,2.813067
109,1,0,0,50.000000,0.013249,0.000000,0.000000,50.000000,92.285428,92.285428,93.640103,93.640103,96.623296,96.623296,98.572476,98.572476,100.724251,100.724251,104.493506,104.493506,92.285428,93.640103,96.623296,98.572476,100.724251,104.493506,2.804836
110,1,0,0,50.000000,0.013272,0.000000,0.000000,50.000000,92.617783,92.617783,93.956436,93.956436,96.902701,96.902701,98.825782,98.825782,100.945895,100.945895,104.649925,104.649925,92.617783,93.956436,96.902701,98.825782,100.945895,104.649925,2.796636
111,1,0,0,50.000000,0.013295,0.000000,0.000000,50.000000,92.948954,92.948954,94.271670,94.271670,97.181275,97.181275,99.078547,99.078547,101.167510,101.167510,104.807900,104.807900,92.948954,94.271670,97.181275,99.078547,101.167510,104.807900,2.788465
112,1,0,0,50.000000,0.013318,0.000000,0.000000,50.000000,93.278969,93.278969,94.585831,94.585831,97.459038,97.459038,99.330784,99.330784,101.389088,101.389088,104.967346,104.967346,93.278969,94.585831,97.459038,99.330784,101.389088,104.967346,2.780322
113,1,0,0,50.000000,0.013341,0.000000,0.000000,50.000000,93.607857,93.607857,94.898946,94.898946,97.736011,97.736011,99.582502,99.582502,101.610618,101.610618,105.128184,105.128184,93.607857,94.898946,97.736011,99.582502,101.610618,105.128184,2.772206
114,1,0,0,50.000000,0.013363,0.000000,0.000000,50.000000,93.935644,93.935644,95.211040,95.211040,98.012212,98.012212,99.833711,99.833711,101.832090,101.832090,105.290335,105.290335,93.935644,95.211040,98.012212,99.833711,101.832090,105.290335,2.764118
115,1,0,0,50.000000,0.013386,0.000000,0.000000,50.000000,94.262355,94.262355,95.522138,95.522138,98.287660,98.287660,100.084420,100.084420,102.053496,102.053496,105.453729,105.453729,94.262355,95.522138,98.287660,100.084420,102.053496,105.453729,2.756055
116,1,0,0,50.000000,0.013409,0.000000,0.000000,50.000000,94.588015,94.588015,95.832260,95.832260,98.562370,98.562370,100.334638,100.334638,102.274827,102.274827,105.618295,105.618295,94.588015,95.832260,98.562370,100.334638,102.274827,105.618295,2.748019
117,1,0,0,50.000000,0.013431,0.000000,0.000000,50.000000,94.912646,94.912646,96.141429,96.141429,98.836359,98.836359,100.584374,100.584374,102.496075,102.496075,105.783968,105.783968,94.912646,96.141429,98.836359,100.584374,102.496075,105.783968,2.740007
118,1,0,0,50.000000,0.013454,0.000000,0.000000,50.000000,95.236270,95.236270,96.449665,96.449665,99.109642,99.109642,100.833634,100.833634,102.717232,102.717232,105.950685,105.950685,95.236270,96.449665,99.109642,100.833634,102.717232,105.950685,2.732020
119,1,0,0,50.000000,0.013477,0.000000,0.000000,50.000000,95.558906,95.558906,96.756987,96.756987,99.382232,99.382232,101.082427,101.082427,102.938290,102.938290,106.118386,106.118386,95.558906,96.756987,99.382232,101.082427,102.938290,106.118386,2.724057
120,1,0,0,50.000000,0.013499,0.000000,0.000000,50.000000,95.880576,95.880576,97.063413,97.063413,99.654144,99.654144,101.330758,101.330758,103.159243,103.159243,106.287015,106.287015,95.880576,97.063413,99.654144,101.330758,103.159243,106.287015,2.716117
121,1,0,0,50.000000,0.013522,0.000000,0.000000,50.000000,96.201296,96.201296,97.368960,97.368960,99.925390,99.925390,101.578635,101.578635,103.380083,103.380083,106.456519,106.456519,96.201296,97.368960,99.925390,101.578635,103.380083,106.456519,2.708200
122,1,0,0,50.000000,0.013544,0.000000,0.000000,50.000000,96.521084,96.521084,97.673646,97.673646,100.195982,100.195982,101.826063,101.826063,103.600804,103.600804,106.626845,106.626845,96.521084,97.673646,100.195982,101.826063,103.600804,106.626845,2.700306
123,1,0,0,50.000000,0.013566,0.000000,0.000000,50.000000,96.839958,96.839958,97.977484,97.977484,100.465931,100.465931,102.073047,102.073047,103.821400,103.821400,106.797946,106.797946,96.839958,97.977484,100.465931,102.073047,103.821400,106.797946,2.692434
124,1,0,0,50.000000,0.013589,0.000000,0.000000,50.000000,97.157932,97.157932,98.280491,98.280491,100.735247,100.735247,102.319593,102.319593,104.041863,104.041863,106.969775,106.969775,97.157932,98.280491,100.735247,102.319593,104.041863,106.969775,2.684584
125,1,0,0,50.000000,0.013611,0.000000,0.000000,50.000000,97.475021,97.475021,98.582680,98.582680,101.003942,101.003942,102.565705,102.565705,104.262188,104.262188,107.142288,107.142288,97.475021,98.582680,101.003942,102.565705,104.262188,107.142288,2.676755
126,1,0,0,50.000000,0.013633,0.000000,0.000000,50.000000,97.791240,97.791240,98.884064,98.884064,101.272025,101.272025,102.811388,102.811388,104.482369,104.482369,107.315443,107.315443,97.791240,98.884064,101.272025,102.811388,104.482369,107.315443,2.668947
127,1,0,0,50.000000,0.013656,0.000000,0.000000,50.000000,98.106603,98.106603,99.184656,99.184656,101.539504,101.539504,103.056647,103.056647,104.702401,104.702401,107.489201,107.489201,98.106603,99.184656,101.539504,103.056647,104.702401,107.489201,2.661160
128,1,0,0,50.000000,0.013678,0.000000,0.000000,50.000000,98.421121,98.421121,99.484468,99.484468,101.806388,101.806388,103.301484,103.301484,104.922278,104.922278,107.663524,107.663524,98.421121,99.484468,101.806388,103.301484,104.922278,107.663524,2.653393
129,1,0,0,50.000000,0.013700,0.000000,0.000000,50.000000,98.734808,98.734808,99.783511,99.783511,102.072685,102.072685,103.545904,103.545904,105.141994,105.141994,107.838374,107.838374,98.734808,99.783511,102.072685,103.545904,105.141994,107.838374,2.645646
130,1,0,0,50.000000,0.013722,0.000000,0.000000,50.000000,99.047674,99.047674,100.081796,100.081796,102.338403,102.338403,103.789909,103.789909,105.361545,105.361545,108.013719,108.013719,99.047674,100.081796,102.338403,103.789909,105.361545,108.013719,2.637919
131,1,0,0,50.000000,0.013745,0.000000,0.000000,50.000000,99.359731,99.359731,100.379333,100.379333,102.603550,102.603550,104.033504,104.033504,105.580925,105.580925,108.189526,108.189526,99.359731,100.379333,102.603550,104.033504,105.580925,108.189526,2.630212
132,1,0,0,50.000000,0.013767,0.000000,0.000000,50.000000,99.670989,99.670989,100.676132,100.676132,102.868131,102.868131,104.276690,104.276690,105.800130,105.800130,108.365762,108.365762,99.670989,100.676132,102.868131,104.276690,105.800130,108.365762,2.622523
133,1,0,0,50.000000,0.013789,0.000000,0.000000,50.000000,99.981457,99.981457,100.972203,100.972203,103.132153,103.132153,104.519470,104.519470,106.019155,106.019155,108.542399,108.542399,99.981457,100.972203,103.132153,104.519470,106.019155,108.542399,2.614854
134,1,0,0,50.000000,0.013811,0.000000,0.000000,50.000000,100.291146,100.291146,101.267553,101.267553,103.395623,103.395623,104.761848,104.761848,106.237994,106.237994,108.719408,108.719408,100.291146,101.267553,103.395623,104.761848,106.237994,108.719408,2.607203
135,1,0,0,50.000000,0.013833,0.000000,0.000000,50.000000,100.600064,100.600064,101.562192,101.562192,103.658545,103.658545,105.003824,105.003824,106.456644,106.456644,108.896762,108.896762,100.600064,101.562192,103.658545,105.003824,106.456644,108.896762,2.599571
136,1,0,0,50.000000,0.013855,0.000000,0.000000,50.000000,100.908220,100.908220,101.856126,101.856126,103.920926,103.920926,105.245401,105.245401,106.675101,106.675101,109.074436,109.074436,100.908220,101.856126,103.920926,105.245401,106.675101,109.074436,2.591957
137,1,0,0,50.000000,0.013877,0.000000,0.000000,50.000000,101.215622,101.215622,102.149365,102.149365,104.182771,104.182771,105.486582,105.486582,106.893359,106.893359,109.252404,109.252404,101.215622,102.149365,104.182771,105.486582,106.893359,109.252404,2.584361
138,1,0,0,50.000000,0.013899,0.000000,0.000000,50.000000,101.522277,101.522277,102.441914,102.441914,104.444084,104.444084,105.727367,105.727367,107.111415,107.111415,109.430643,109.430643,101.522277,102.441914,104.444084,105.727367,107.111415,109.430643,2.576782
139,1,0,0,50.000000,0.013921,0.000000,0.000000,50.000000,101.828192,101.828192,102.733781,102.733781,104.704869,104.704869,105.967758,105.967758,107.329264,107.329264,109.609131,109.609131,101.828192,102.733781,104.704869,105.967758,107.329264,109.609131,2.569222
140,1,0,0,50.000000,0.013943,0.000000,0.000000,50.000000,102.133375,102.133375,103.024972,103.024972,104.965132,104.965132,106.207757,106.207757,107.546904,107.546904,109.787846,109.787846,102.133375,103.024972,104.965132,106.207757,107.546904,109.787846,2.561679
141,1,0,0,50.000000,0.013965,0.000000,0.000000,50.000000,102.437832,102.437832,103.315493,103.315493,105.224876,105.224876,106.447365,106.447365,107.764329,107.764329,109.966768,109.966768,102.437832,103.315493,105.224876,106.447365,107.764329,109.966768,2.554154
142,1,0,0,50.000000,0.013986,0.000000,0.000000,50.000000,102.741570,102.741570,103.605350,103.605350,105.484106,105.484106,106.686582,106.686582,107.981536,107.981536,110.145878,110.145878,102.741570,103.605350,105.484106,106.686582,107.981536,110.145878,2.546645
143,1,0,0,50.000000,0.014008,0.000000,0.000000,50.000000,103.044594,103.044594,103.894548,103.894548,105.742823,105.742823,106.925411,106.925411,108.198522,108.198522,110.325156,110.325156,103.044594,103.894548,105.742823,106.925411,108.198522,110.325156,2.539154
144,1,0,0,50.000000,0.014030,0.000000,0.000000,50.000000,103.346910,103.346910,104.183093,104.183093,106.001033,106.001033,107.163852,107.163852,108.415283,108.415283,110.504585,110.504585,103.346910,104.183093,106.001033,107.163852,108.415283,110.504585,2.531679
145,1,0,0,50.000000,0.014052,0.000000,0.000000,50.000000,103.648523,103.648523,104.470990,104.470990,106.258738,106.258738,107.401906,107.401906,108.631815,108.631815,110.684148,110.684148,103.648523,104.470990,106.258738,107.401906,108.631815,110.684148,2.524222
146,1,0,0,50.000000,0.014074,0.000000,0.000000,50.000000,103.949438,103.949438,104.758243,104.758243,106.515941,106.515941,107.639574,107.639574,108.848115,108.848115,110.863828,110.863828,103.949438,104.758243,106.515941,107.639574,108.848115,110.863828,2.516781
147,1,0,0,50.000000,0.014095,0.000000,0.000000,50.000000,104.249660,104.249660,105.044856,105.044856,106.772646,106.772646,107.876856,107.876856,109.064179,109.064179,111.043610,111.043610,104.249660,105.044856,106.772646,107.876856,109.064179,111.043610,2.509356
148,1,0,0,50.000000,0.014117,0.000000,0.000000,50.000000,104.549195,104.549195,105.330835,105.330835,107.028853,107.028853,108.113752,108.113752,109.280005,109.280005,111.223479,111.223479,104.549195,105.330835,107.028853,108.113752,109.280005,111.223479,2.501948
149,1,0,0,50.000000,0.014139,0.000000,0.000000,50.000000,104.848045,104.848045,105.616183,105.616183,107.284567,107.284567,108.350264,108.350264,109.495589,109.495589,111.403420,111.403420,104.848045,105.616183,107.284567,108.350264,109.495589,111.403420,2.494556
150,1,0,0,50.000000,0.014160,0.000000,0.000000,50.000000,105.146215,105.146215,105.900904,105.900904,107.539790,107.539790,108.586391,108.586391,109.710928,109.710928,111.583420,111.583420,105.146215,105.900904,107.539790,108.586391,109.710928,111.583420,2.487181
151,1,0,0,50.000000,0.014182,0.000000,0.000000,50.000000,105.443710,105.443710,106.185002,106.185002,107.794523,107.794523,108.822135,108.822135,109.926019,109.926019,111.763467,111.763467,105.443710,106.185002,107.794523,108.822135,109.926019,111.763467,2.479821
152,1,0,0,50.000000,0.014204,0.000000,0.000000,50.000000,105.740532,105.740532,106.468479,106.468479,108.048768,108.048768,109.057495,109.057495,110.140859,110.140859,111.943546,111.943546,105.740532,106.468479,108.048768,109.057495,110.140859,111.943546,2.472477
153,1,0,0,50.000000,0.014225,0.000000,0.000000,50.000000,106.036685,106.036685,106.751339,106.751339,108.302529,108.302529,109.292471,109.292471,110.355446,110.355446,112.123646,112.123646,106.036685,106.751339,108.302529,109.292471,110.355446,112.123646,2.465150
154,1,0,0,50.000000,0.014247,0.000000,0.000000,50.000000,106.332173,106.332173,107.033586,107.033586,108.555805,108.555805,109.527063,109.527063,110.569775,110.569775,112.303757,112.303757,106.332173,107.033586,108.555805,109.527063,110.569775,112.303757,2.457838
155,1,0,0,50.000000,0.014268,0.000000,0.000000,50.000000,106.626998,106.626998,107.315221,107.315221,108.808600,108.808600,109.761272,109.761272,110.783846,110.783846,112.483865,112.483865,106.626998,107.315221,108.808600,109.761272,110.783846,112.483865,2.450542
156,1,0,0,50.000000,0.014290,0.000000,0.000000,50.000000,106.921164,106.921164,107.596248,107.596248,109.060914,109.060914,109.995098,109.995098,110.997655,110.997655,112.663963,112.663963,106.921164,107.596248,109.060914,109.995098,110.997655,112.663963,2.443262
157,1,0,0,50.000000,0.014311,0.000000,0.000000,50.000000,107.214673,107.214673,107.876670,107.876670,109.312750,109.312750,110.228541,110.228541,111.211199,111.211199,112.844038,112.844038,107.214673,107.876670,109.312750,110.228541,111.211199,112.844038,2.435997
158,1,0,0,50.000000,0.014333,0.000000,0.000000,50.000000,107.507528,107.507528,108.156488,108.156488,109.564107,109.564107,110.461600,110.461600,111.424475,111.424475,113.024081,113.024081,107.507528,108.156488,109.564107,110.461600,111.424475,113.024081,2.428748
159,1,0,0,50.000000,0.014354,0.000000,0.000000,50.000000,107.799731,107.799731,108.435706,108.435706,109.814989,109.814989,110.694275,110.694275,111.637483,111.637483,113.204084,113.204084,107.799731,108.435706,109.814989,110.694275,111.637483,113.204084,2.421514
160,1,0,0,50.000000,0.014376,0.000000,0.000000,50.000000,108.091285,108.091285,108.714324,108.714324,110.065395,110.065395,110.926567,110.926567,111.850218,111.850218,113.384037,113.384037,108.091285,108.714324,110.065395,110.926567,111.850218,113.384037,2.414296
161,1,0,0,50.000000,0.014397,0.000000,0.000000,50.000000,108.382191,108.382191,108.992345,108.992345,110.315327,110.315327,111.158475,111.158475,112.062679,112.062679,113.563932,113.563932,108.382191,108.992345,110.315327,111.158475,112.062679,113.563932,2.407093
162,1,0,0,50.000000,0.014418,0.000000,0.000000,50.000000,108.672452,108.672452,109.269771,109.269771,110.564785,110.564785,111.389998,111.389998,112.274863,112.274863,113.743761,113.743761,108.672452,109.269771,110.564785,111.389998,112.274863,113.743761,2.399905
163,1,0,0,50.000000,0.014440,0.000000,0.000000,50.000000,108.962069,108.962069,109.546604,109.546604,110.813772,110.813772,111.621138,111.621138,112.486769,112.486769,113.923515,113.923515,108.962069,109.546604,110.813772,111.621138,112.486769,113.923515,2.392733
164,1,0,0,50.000000,0.014461,0.000000,0.000000,50.000000,109.251045,109.251045,109.822845,109.822845,111.062287,111.062287,111.851892,111.851892,112.698393,112.698393,114.103188,114.103188,109.251045,109.822845,111.062287,111.851892,112.698393,114.103188,2.385576
165,1,0,0,50.000000,0.014482,0.000000,0.000000,50.000000,109.539380,109.539380,110.098496,110.098496,111.310331,111.310331,112.082262,112.082262,112.909735,112.909735,114.282773,114.282773,109.539380,110.098496,111.310331,112.082262,112.909735,114.282773,2.378434
166,1,0,0,50.000000,0.014504,0.000000,0.000000,50.000000,109.827077,109.827077,110.373558,110.373558,111.557905,111.557905,112.312246,112.312246,113.120791,113.120791,114.462262,114.462262,109.827077,110.373558,111.557905,112.312246,113.120791,114.462262,2.371308
167,1,0,0,50.000000,0.014525,0.000000,0.000000,50.000000,110.114136,110.114136,110.648032,110.648032,111.805009,111.805009,112.541844,112.541844,113.331560,113.331560,114.641649,114.641649,110.114136,110.648032,111.805009,112.541844,113.331560,114.641649,2.364196
168,1,0,0,50.000000,0.014546,0.000000,0.000000,50.000000,110.400558,110.400558,110.921920,110.921920,112.051645,112.051645,112.771057,112.771057,113.542040,113.542040,114.820929,114.820929,110.400558,110.921920,112.051645,112.771057,113.542040,114.820929,2.357100
169,1,0,0,50.000000,0.014568,0.000000,0.000000,50.000000,110.686346,110.686346,111.195222,111.195222,112.297812,112.297812,112.999883,112.999883,113.752230,113.752230,115.000094,115.000094,110.686346,111.195222,112.297812,112.999883,113.752230,115.000094,2.350018
170,1,0,0,50.000000,0.014589,0.000000,0.000000,50.000000,110.971499,110.971499,111.467940,111.467940,112.543510,112.543510,113.228322,113.228322,113.962126,113.962126,115.179140,115.179140,110.971499,111.467940,112.543510,113.228322,113.962126,115.179140,2.342952
171,1,0,0,50.000000,0.014610,0.000000,0.000000,50.000000,111.256019,111.256019,111.740074,111.740074,112.788741,112.788741,113.456375,113.456375,114.171728,114.171728,115.358061,115.358061,111.256019,111.740074,112.788741,113.456375,114.171728,115.358061,2.335901
172,1,0,0,50.000000,0.014631,0.000000,0.000000,50.000000,111.539906,111.539906,112.011625,112.011625,113.033505,113.033505,113.684039,113.684039,114.381035,114.381035,115.536852,115.536852,111.539906,112.011625,113.033505,113.684039,114.381035,115.536852,2.328865
173,1,0,0,50.000000,0.014652,0.000000,0.000000,50.000000,111.823161,111.823161,112.282593,112.282593,113.277801,113.277801,113.911315,113.911315,114.590043,114.590043,115.715509,115.715509,111.823161,112.282593,113.277801,113.911315,114.590043,115.715509,2.321843
174,1,0,0,50.000000,0.014673,0.000000,0.000000,50.000000,112.105785,112.105785,112.552980,112.552980,113.521630,113.521630,114.138203,114.138203,114.798753,114.798753,115.894026,115.894026,112.105785,112.552980,113.521630,114.138203,114.798753,115.894026,2.314837
175,1,0,0,50.000000,0.014694,0.000000,0.000000,50.000000,112.387777,112.387777,112.822785,112.822785,113.764992,113.764992,114.364702,114.364702,115.007161,115.007161,116.072399,116.072399,112.387777,112.822785,113.764992,114.364702,115.007161,116.072399,2.307846
176,1,0,0,50.000000,0.014715,0.000000,0.000000,50.000000,112.669139,112.669139,113.092009,113.092009,114.007887,114.007887,114.590811,114.590811,115.215268,115.215268,116.250625,116.250625,112.669139,113.092009,114.007887,114.590811,115.215268,116.250625,2.300869
177,1,0,0,50.000000,0.014736,0.000000,0.000000,50.000000,112.949870,112.949870,113.360653,113.360653,114.250315,114.250315,114.816531,114.816531,115.423071,115.423071,116.428700,116.428700,112.949870,113.360653,114.250315,114.816531,115.423071,116.428700,2.293908
178,1,0,0,50.000000,0.014757,0.000000,0.000000,50.000000,113.229969,113.229969,113.628716,113.628716,114.492277,114.492277,115.041860,115.041860,115.630570,115.630570,116.606620,116.606620,113.229969,113.628716,114.492277,115.041860,115.630570,116.606620,2.286962
179,1,0,0,50.000000,0.014778,0.000000,0.000000,50.000000,113.509439,113.509439,113.896198,113.896198,114.733771,114.733771,115.266798,115.266798,115.837762,115.837762,116.784381,116.784381,113.509439,113.896198,114.733771,115.266798,115.837762,116.784381,2.280030
180,1,0,0,50.000000,0.014799,0.000000,0.000000,50.000000,113.788277,113.788277,114.163099,114.163099,114.974798,114.974798,115.491345,115.491345,116.044648,116.044648,116.961981,116.961981,113.788277,114.163099,114.974798,115.491345,116.044648,116.961981,2.273114
181,1,0,0,50.000000,0.014820,0.000000,0.000000,50.000000,114.066483,114.066483,114.429419,114.429419,115.215358,115.215358,115.715501,115.715501,116.251225,116.251225,117.139416,117.139416,114.066483,114.429419,115.215358,115.715501,116.251225,117.139416,2.266212
182,1,0,0,50.000000,0.014841,0.000000,0.000000,50.000000,114.344058,114.344058,114.695158,114.695158,115.455451,115.455451,115.939264,115.939264,116.457494,116.457494,117.316685,117.316685,114.344058,114.695158,115.455451,115.939264,116.457494,117.316685,2.259326
183,1,0,0,50.000000,0.014862,0.000000,0.000000,50.000000,114.621000,114.621000,114.960316,114.960316,115.695076,115.695076,116.162635,116.162635,116.663452,116.663452,117.493784,117.493784,114.621000,114.960316,115.695076,116.162635,116.663452,117.493784,2.252454
184,1,0,0,50.000000,0.014883,0.000000,0.000000,50.000000,114.897309,114.897309,115.224891,115.224891,115.934233,115.934233,116.385613,116.385613,116.869100,116.869100,117.670713,117.670713,114.897309,115.224891,115.934233,116.385613,116.869100,117.670713,2.245598
185,1,0,0,50.000000,0.014904,0.000000,0.000000,50.000000,115.172984,115.172984,115.488884,115.488884,116.172922,116.172922,116.608198,116.608198,117.074436,117.074436,117.847468,117.847468,115.172984,115.488884,116.172922,116.608198,117.074436,117.847468,2.238756
186,1,0,0,50.000000,0.014925,0.000000,0.000000,50.000000,115.448023,115.448023,115.752293,115.752293,116.411142,116.411142,116.830389,116.830389,117.279461,117.279461,118.024049,118.024049,115.448023,115.752293,116.411142,116.830389,117.279461,118.024049,2.231930
187,1,0,0,50.000000,0.014945,0.000000,0.000000,50.000000,115.722426,115.722426,116.015118,116.015118,116.648894,116.648894,117.052185,117.052185,117.484172,117.484172,118.200453,118.200453,115.722426,116.015118,116.648894,117.052185,117.484172,118.200453,2.225118
188,1,0,0,50.000000,0.014966,0.000000,0.000000,50.000000,115.996191,115.996191,116.277357,116.277357,116.886175,116.886175,117.273588,117.273588,117.688571,117.688571,118.376681,118.376681,115.996191,116.277357,116.886175,117.273588,117.688571,118.376681,2.218322
189,1,0,0,50.000000,0.014987,0.000000,0.000000,50.000000,116.269317,116.269317,116.539010,116.539010,117.122987,117.122987,117.494596,117.494596,117.892657,117.892657,118.552732,118.552732,116.269317,116.539010,117.122987,117.494596,117.892657,118.552732,2.211541
190,1,0,0,50.000000,0.015008,0.000000,0.000000,50.000000,116.541801,116.541801,116.800075,116.800075,117.359328,117.359328,117.715209,117.715209,118.096429,118.096429,118.728604,118.728604,116.541801,116.800075,117.359328,117.715209,118.096429,118.728604,2.204775
191,1,0,0,50.000000,0.015028,0.000000,0.000000,50.000000,116.813642,116.813642,117.060550,117.060550,117.595198,117.595198,117.935427,117.935427,118.299888,118.299888,118.904299,118.904299,116.813642,117.060550,117.595198,117.935427,118.299888,118.904299,2.198024
192,1,0,0,50.000000,0.015049,0.000000,0.000000,50.000000,117.084837,117.084837,117.320435,117.320435,117.830596,117.830596,118.155249,118.155249,118.503034,118.503034,119.079816,119.079816,117.084837,117.320435,117.830596,118.155249,118.503034,119.079816,2.191288
193,1,0,0,50.000000,0.015070,0.000000,0.000000,50.000000,117.355383,117.355383,117.579726,117.579726,118.065522,118.065522,118.374676,118.374676,118.705867,118.705867,119.255157,119.255157,117.355383,117.579726,118.065522,118.374676,118.705867,119.255157,2.184568
194,1,0,0,50.000000,0.015090,0.000000,0.000000,50.000000,117.625279,117.625279,117.838421,117.838421,118.299974,118.299974,118.593708,118.593708,118.908388,118.908388,119.430322,119.430322,117.625279,117.838421,118.299974,118.593708,118.908388,119.430322,2.177863
195,1,0,0,50.000000,0.015111,0.000000,0.000000,50.000000,117.894519,117.894519,118.096519,118.096519,118.533952,118.533952,118.812344,118.812344,119.110597,119.110597,119.605314,119.605314,117.894519,118.096519,118.533952,118.812344,119.110597,119.605314,2.171174
196,1,0,0,50.000000,0.015131,0.000000,0.000000,50.000000,118.163101,118.163101,118.354017,118.354017,118.767454,118.767454,119.030584,119.030584,119.312496,119.312496,119.780134,119.780134,118.163101,118.354017,118.767454,119.030584,119.312496,119.780134,2.164500
197,1,0,0,50.000000,0.015152,0.000000,0.000000,50.000000,118.431021,118.431021,118.610911,118.610911,119.000481,119.000481,119.248429,119.248429,119.514086,119.514086,119.954786,119.954786,118.431021,118.610911,119.000481,119.248429,119.514086,119.954786,2.157842
198,1,0,0,50.000000,0.015172,0.000000,0.000000,50.000000,118.698274,118.698274,118.867197,118.867197,119.233030,119.233030,119.465880,119.465880,119.715368,119.715368,120.129273,120.129273,118.698274,118.867197,119.233030,119.465880,119.715368,120.129273,2.151199
199,1,0,0,50.000000,0.015193,0.000000,0.000000,50.000000,118.964853,118.964853,119.122872,119.122872,119.465101,119.465101,119.682935,119.682935,119.916345,119.916345,120.303600,120.303600,118.964853,119.122872,119.465101,119.682935,119.916345,120.303600,2.144572
200,1,0,0,50.000000,0.015213,0.000000,0.000000,50.000000,119.230754,119.230754,119.377932,119.377932,119.696691,119.696691,119.899596,119.899596,120.117019,120.117019,120.477773,120.477773,119.230754,119.377932,119.696691,119.899596,120.117019,120.477773,2.137962
201,1,0,0,50.000000,0.015233,0.000000,0.000000,50.000000,119.495969,119.495969,119.632370,119.632370,119.927800,119.927800,120.115864,120.115864,120.317392,120.317392,120.651797,120.651797,119.495969,119.632370,119.927800,120.115864,120.317392,120.651797,2.131367
202,1,0,0,50.000000,0.015254,0.000000,0.000000,50.000000,119.760490,119.760490,119.886181,119.886181,120.158426,120.158426,120.331739,120.331739,120.517469,120.517469,120.825682,120.825682,119.760490,119.886181,120.158426,120.331739,120.517469,120.825682,2.124788
203,1,0,0,50.000000,0.015274,0.000000,0.000000,50.000000,120.024307,120.024307,120.139358,120.139358,120.388567,120.388567,120.547223,120.547223,120.717254,120.717254,120.999436,120.999436,120.024307,120.139358,120.388567,120.547223,120.717254,120.999436,2.118226
204,1,0,0,50.000000,0.015294,0.000000,0.000000,50.000000,120.287410,120.287410,120.391892,120.391892,120.618220,120.618220,120.762317,120.762317,120.916753,120.916753,121.173072,121.173072,120.287410,120.391892,120.618220,120.762317,120.916753,121.173072,2.111680
205,1,0,0,50.000000,0.015315,0.000000,0.000000,50.000000,120.549783,120.549783,120.643774,120.643774,120.847382,120.847382,120.977023,120.977023,121.115971,121.115971,121.346604,121.346604,120.549783,120.643774,120.847382,120.977023,121.115971,121.346604,2.105152
206,1,0,0,50.000000,0.015335,0.000000,0.000000,50.000000,120.811413,120.811413,120.894990,120.894990,121.076051,121.076051,121.191343,121.191343,121.314918,121.314918,121.520051,121.520051,120.811413,120.894990,121.076051,121.191343,121.314918,121.520051,2.098640
207,1,0,0,50.000000,0.015355,0.000000,0.000000,50.000000,121.072277,121.072277,121.145527,121.145527,121.304223,121.304223,121.405280,121.405280,121.513604,121.513604,121.693435,121.693435,121.072277,121.145527,121.304223,121.405280,121.513604,121.693435,2.092146
208,1,0,0,50.000000,0.015375,0.000000,0.000000,50.000000,121.332351,121.332351,121.395365,121.395365,121.531893,121.531893,121.618839,121.618839,121.712043,121.712043,121.866785,121.866785,121.332351,121.395365,121.531893,121.618839,121.712043,121.866785,2.085670
209,1,0,0,50.000000,0.015395,0.000000,0.000000,50.000000,121.591601,121.591601,121.644480,121.644480,121.759054,121.759054,121.832025,121.832025,121.910252,121.910252,122.040141,122.040141,121.591601,121.644480,121.759054,121.832025,121.910252,122.040141,2.079213
210,1,0,0,50.000000,0.015415,0.000000,0.000000,50.000000,121.849981,121.849981,121.892836,121.892836,121.985699,121.985699,122.044845,122.044845,122.108257,122.108257,122.213555,122.213555,121.849981,121.892836,121.985699,122.044845,122.108257,122.213555,2.072775
211,1,0,0,50.000000,0.015435,0.000000,0.000000,50.000000,122.107427,122.107427,122.140388,122.140388,122.211814,122.211814,122.257311,122.257311,122.306093,122.306093,122.387104,122.387104,122.107427,122.140388,122.211814,122.257311,122.306093,122.387104,2.066357
212,1,0,0,50.000000,0.015455,0.000000,0.000000,50.000000,122.363837,122.363837,122.387058,122.387058,122.437383,122.437383,122.469441,122.469441,122.503817,122.503817,122.560910,122.560910,122.363837,122.387058,122.437383,122.469441,122.503817,122.560910,2.059961
213,1,0,0,50.000000,0.015475,0.000000,0.000000,50.000000,122.619030,122.619030,122.632713,122.632713,122.662371,122.662371,122.681267,122.681267,122.701529,122.701529,122.735187,122.735187,122.619030,122.632713,122.662371,122.681267,122.701529,122.735187,2.053588
214,1,0,0,50.000000,0.015495,0.000000,0.000000,50.000000,122.872596,122.872596,122.877050,122.877050,122.886706,122.886706,122.892859,122.892859,122.899458,122.899458,122.910423,122.910423,122.872596,122.877050,122.886706,122.892859,122.899458,122.910423,2.047244
215,0,0,0,50.000000,0.008192,0.000000,0.000000,50.000000,123.000000,123.000000,123.000000,123.000000,123.000000,123.000000,123.000000,123.000000,123.000000,123.000000,123.000000,123.000000,123.000000,123.000000,123.000000,123.000000,123.000000,123.000000,2.040937
216,0,0,0,50.000000,0.000000,0.000000,0.000000,50.000000,122.990148,122.990148,122.990148,122.990148,122.990148,122.990148,122.990148,122.990148,122.990148,122.990148,122.990148,122.990148,122.990148,122.990148,122.990148,122.990148,122.990148,122.990148,2.037766
217,0,0,0,50.000000,0.000000,0.000000,0.000000,50.000000,122.980298,122.980298,122.980298,122.980298,122.980298,122.980298,122.980298,122.980298,122.980298,122.980298,122.980298,122.980298,122.980298,122.980298,122.980298,122.980298,122.980298,122.980298,2.038015
218,0,0,0,50.000000,0.000000,0.000000,0.000000,50.000000,122.970449,122.970449,122.970449,122.970449,122.970449,122.970449,122.970449,122.970449,122.970449,122.970449,122.970449,122.970449,122.970449,122.970449,122.970449,122.970449,122.970449,122.970449,2.038265
219,0,0,0,50.000000,0.000000,0.000000,0.000000,50.000000,122.960602,122.960602,122.960602,122.960602,122.960602,122.960602,122.960602,122.960602,122.960602,122.960602,122.960602,122.960602,122.960602,122.960602,122.960602,122.960602,122.960602,122.960602,2.038514
220,0,0,0,50.000000,0.000000,0.000000,0.000000,50.000000,122.950755,122.950755,122.950755,122.950755,122.950755,122.950755,122.950755,122.950755,122.950755,122.950755,122.950755,122.950755,122.950755,122.950755,122.950755,122.950755,122.950755,122.950755,2.038764
221,0,0,0,50.000000,0.000000,0.000000,0.000000,50.000000,122.940910,122.940910,122.940910,122.940910,122.940910,122.940910,122.940910,122.940910,122.940910,122.940910,122.940910,122.940910,122.940910,122.940910,122.940910,122.940910,122.940910,122.940910,2.039013
222,0,0,0,50.000000,0.000000,0.000000,0.000000,50.000000,122.931067,122.931067,122.931067,122.931067,122.931067,122.931067,122.931067,122.931067,122.931067,122.931067,122.931067,122.931067,122.931067,122.931067,122.931067,122.931067,122.931067,122.931067,2.039263
223,0,0,0,50.000000,0.000000,0.000000,0.000000,50.000000,122.921224,122.921224,122.921224,122.921224,122.921224,122.921224,122.921224,122.921224,122.921224,122.921224,122.921224,122.921224,122.921224,122.921224,122.921224,122.921224,122.921224,122.921224,2.039512
224,0,0,0,50.000000,0.000000,0.000000,0.000000,50.000000,122.911384,122.911384,122.911384,122.911384,122.911384,122.911384,122.911384,122.911384,122.911384,122.911384,122.911384,122.911384,122.911384,122.911384,122.911384,122.911384,122.911384,122.911384,2.039761
225,0,0,0,50.000000,0.000000,0.000000,0.000000,50.000000,122.901544,122.901544,122.901544,122.901544,122.901544,122.901544,122.901544,122.901544,122.901544,122.901544,122.901544,122.901544,122.901544,122.901544,122.901544,122.901544,122.901544,122.901544,2.040011
226,0,0,0,50.000000,0.000000,0.000000,0.000000,50.000000,122.891706,122.891706,122.891706,122.891706,122.891706,122.891706,122.891706,122.891706,122.891706,122.891706,122.891706,122.891706,122.891706,122.891706,122.891706,122.891706,122.891706,122.891706,2.040260
227,0,0,0,50.000000,0.000000,0.000000,0.000000,50.000000,122.881869,122.881869,122.881869,122.881869,122.881869,122.881869,122.881869,122.881869,122.881869,122.881869,122.881869,122.881869,122.881869,122.881869,122.881869,122.881869,122.881869,122.881869,2.040509
228,0,0,0,50.000000,0.000000,0.000000,0.000000,50.000000,122.872033,122.872033,122.872033,122.872033,122.872033,122.872033,122.872033,122.872033,122.872033,122.872033,122.872033,122.872033,122.872033,122.872033,122.872033,122.872033,122.872033,122.872033,2.040759
229,0,0,0,50.000000,0.000000,0.000000,0.000000,50.000000,122.862199,122.862199,122.862199,122.862199,122.862199,122.862199,122.862199,122.862199,122.862199,122.862199,122.862199,122.862199,122.862199,122.862199,122.862199,122.862199,122.862199,122.862199,2.041008
230,0,0,0,50.000000,0.000000,0.000000,0.000000,50.000000,122.852366,122.852366,122.852366,122.852366,122.852366,122.852366,122.852366,122.852366,122.852366,122.852366,122.852366,122.852366,122.852366,122.852366,122.852366,122.852366,122.852366,122.852366,2.041257
231,0,0,0,50.000000,0.000000,0.000000,0.000000,50.000000,122.842534,122.842534,122.842534,122.842534,122.842534,122.842534,122.842534,122.842534,122.842534,122.842534,122.842534,122.842534,122.842534,122.842534,122.842534,122.842534,122.842534,122.842534,2.041506
232,0,0,0,50.000000,0.000000,0.000000,0.000000,50.000000,122.832704,122.832704,122.832704,122.832704,122.832704,122.832704,122.832704,122.832704,122.832704,122.832704,122.832704,122.832704,122.832704,122.832704,122.832704,122.832704,122.832704,122.832704,2.041755
233,0,0,0,50.000000,0.000000,0.000000,0.000000,50.000000,122.822875,122.822875,122.822875,122.822875,122.822875,122.822875,122.822875,122.822875,122.822875,122.822875,122.822875,122.822875,122.822875,122.822875,122.822875,122.822875,122.822875,122.822875,2.042004
234,0,0,0,50.000000,0.000000,0.000000,0.000000,50.000000,122.813047,122.813047,122.813047,122.813047,122.813047,122.813047,122.813047,122.813047,122.813047,122.813047,122.813047,122.813047,122.813047,122.813047,122.813047,122.813047,122.813047,122.813047,2.042253
235,0,0,0,50.000000,0.000000,0.000000,0.000000,50.000000,122.803221,122.803221,122.803221,122.803221,122.803221,122.803221,122.803221,122.803221,122.803221,122.803221,122.803221,122.803221,122.803221,122.803221,122.803221,122.803221,122.803221,122.803221,2.042502
236,0,0,0,50.000000,0.000000,0.000000,0.000000,50.000000,122.793396,122.793396,122.793396,122.793396,122.793396,122.793396,122.793396,122.793396,122.793396,122.793396,122.793396,122.793396,122.793396,122.793396,122.793396,122.793396,122.793396,122.793396,2.042751
237,0,0,0,50.000000,0.000000,0.000000,0.000000,50.000000,122.783572,122.783572,122.783572,122.783572,122.783572,122.783572,122.783572,122.783572,122.783572,122.783572,122.783572,122.783572,122.783572,122.783572,122.783572,122.783572,122.783572,122.783572,2.043000
238,0,0,0,50.000000,0.000000,0.000000,0.000000,50.000000,122.773749,122.773749,122.773749,122.773749,122.773749,122.773749,122.773749,122.773749,122.773749,122.773749,122.773749,122.773749,122.773749,122.773749,122.773749,122.773749,122.773749,122.773749,2.043249
239,0,0,0,50.000000,0.000000,0.000000,0.000000,50.000000,122.763928,122.763928,122.763928,122.763928,122.763928,122.763928,122.763928,122.763928,122.763928,122.763928,122.763928,122.763928,122.763928,122.763928,122.763928,122.763928,122.763928,122.763928,2.043498
240,0,0,0,50.000000,0.000000,0.000000,0.000000,50.000000,122.754109,122.754109,122.754109,122.754109,122.754109,122.754109,122.754109,122.754109,122.754109,122.754109,122.754109,122.754109,122.754109,122.754109,122.754109,122.754109,122.754109,122.754109,2.043747
241,0,0,0,50.000000,0.000000,0.000000,0.000000,50.000000,122.744290,122.744290,122.744290,122.744290,122.744290,122.744290,122.744290,122.744290,122.744290,122.744290,122.744290,122.744290,122.744290,122.744290,122.744290,122.744290,122.744290,122.744290,2.043995
242,0,0,0,50.000000,0.000000,0.000000,0.000000,50.000000,122.734473,122.734473,122.734473,122.734473,122.734473,122.734473,122.734473,122.734473,122.734473,122.734473,122.734473,122.734473,122.734473,122.734473,122.734473,122.734473,122.734473,122.734473,2.044244
243,0,0,0,50.000000,0.000000,0.000000,0.000000,50.000000,122.724657,122.724657,122.724657,122.724657,122.724657,122.724657,122.724657,122.724657,122.724657,122.724657,122.724657,122.724657,122.724657,122.724657,122.724657,122.724657,122.724657,122.724657,2.044493
244,0,0,0,50.000000,0.000000,0.000000,0.000000,50.000000,122.714843,122.714843,122.714843,122.714843,122.714843,122.714843,122.714843,122.714843,122.714843,122.714843,122.714843,122.714843,122.714843,122.714843,122.714843,122.714843,122.714843,122.714843,2.044741
245,0,0,0,50.000000,0.000000,0.000000,0.000000,50.000000,122.705030,122.705030,122.705030,122.705030,122.705030,122.705030,122.705030,122.705030,122.705030,122.705030,122.705030,122.705030,122.705030,122.705030,122.705030,122.705030,122.705030,122.705030,2.044990
246,0,0,0,50.000000,0.000000,0.000000,0.000000,50.000000,122.695218,122.695218,122.695218,122.695218,122.695218,122.695218,122.695218,122.695218,122.695218,122.695218,122.695218,122.695218,122.695218,122.695218,122.695218,122.695218,122.695218,122.695218,2.045239
247,0,0,0,50.000000,0.000000,0.000000,0.000000,50.000000,122.685408,122.685408,122.685408,122.685408,122.685408,122.685408,122.685408,122.685408,122.685408,122.685408,122.685408,122.685408,122.685408,122.685408,122.685408,122.685408,122.685408,122.685408,2.045487
248,0,0,0,50.000000,0.000000,0.000000,0.000000,50.000000,122.675598,122.675598,122.675598,122.675598,122.675598,122.675598,122.675598,122.675598,122.675598,122.675598,122.675598,122.675598,122.675598,122.675598,122.675598,122.675598,122.675598,122.675598,2.045736
249,0,0,0,50.000000,0.000000,0.000000,0.000000,50.000000,122.665791,122.665791,122.665791,122.665791,122.665791,122.665791,122.665791,122.665791,122.665791,122.665791,122.665791,122.665791,122.665791,122.665791,122.665791,122.665791,122.665791,122.665791,2.045984
250,0,0,0,50.000000,0.000000,0.000000,0.000000,50.000000,122.655984,122.655984,122.655984,122.655984,122.655984,122.655984,122.655984,122.655984,122.655984,122.655984,122.655984,122.655984,122.655984,122.655984,122.655984,122.655984,122.655984,122.655984,2.046233
251,0,0,0,50.000000,0.000000,0.000000,0.000000,50.000000,122.646179,122.646179,122.646179,122.646179,122.646179,122.646179,122.646179,122.646179,122.646179,122.646179,122.646179,122.646179,122.646179,122.646179,122.646179,122.646179,122.646179,122.646179,2.046481
252,0,0,0,50.000000,0.000000,0.000000,0.000000,50.000000,122.636375,122.636375,122.636375,122.636375,122.636375,122.636375,122.636375,122.636375,122.636375,122.636375,122.636375,122.636375,122.636375,122.636375,122.636375,122.636375,122.636375,122.636375,2.046730
253,0,0,0,50.000000,0.000000,0.000000,0.000000,50.000000,122.626573,122.626573,122.626573,122.626573,122.626573,122.626573,122.626573,122.626573,122.626573,122.626573,122.626573,122.626573,122.626573,122.626573,122.626573,122.626573,122.626573,122.626573,2.046978
254,0,0,0,50.000000,0.000000,0.000000,0.000000,50.000000,122.616771,122.616771,122.616771,122.616771,122.616771,122.616771,122.616771,122.616771,122.616771,122.616771,122.616771,122.616771,122.616771,122.616771,122.616771,122.616771,122.616771,122.616771,2.047226
255,0,0,0,50.000000,0.000000,0.000000,0.000000,50.000000,122.606972,122.606972,122.606972,122.606972,122.606972,122.606972,122.606972,122.606972,122.606972,122.606972,122.606972,122.606972,122.606972,122.606972,122.606972,122.606972,122.606972,122.606972,2.047475
256,0,0,0,50.000000,0.000000,0.000000,0.000000,50.000000,122.597173,122.597173,122.597173,122.597173,122.597173,122.597173,122.597173,122.597173,122.597173,122.597173,122.597173,122.597173,122.597173,122.597173,122.597173,122.597173,122.597173,122.597173,2.047723
257,0,0,0,50.000000,0.000000,0.000000,0.000000,50.000000,122.587376,122.587376,122.587376,122.587376,122.587376,122.587376,122.587376,122.587376,122.587376,122.587376,122.587376,122.587376,122.587376,122.587376,122.587376,122.587376,122.587376,122.587376,2.047971
258,0,0,0,50.000000,0.000000,0.000000,0.000000,50.000000,122.577580,122.577580,122.577580,122.577580,122.577580,122.577580,122.577580,122.577580,122.577580,122.577580,122.577580,122.577580,122.577580,122.577580,122.577580,122.577580,122.577580,122.577580,2.048219
259,0,0,0,50.000000,0.000000,0.000000,0.000000,50.000000,122.567785,122.567785,122.567785,122.567785,122.567785,122.567785,122.567785,122.567785,122.567785,122.567785,122.567785,122.567785,122.567785,122.567785,122.567785,122.567785,122.567785,122.567785,2.048468
260,0,0,0,50.000000,0.000000,0.000000,0.000000,50.000000,122.557992,122.557992,122.557992,122.557992,122.557992,122.557992,122.557992,122.557992,122.557992,122.557992,122.557992,122.557992,122.557992,122.557992,122.557992,122.557992,122.557992,122.557992,2.048716
261,0,0,0,50.000000,0.000000,0.000000,0.000000,50.000000,122.548200,122.548200,122.548200,122.548200,122.548200,122.548200,122.548200,122.548200,122.548200,122.548200,122.548200,122.548200,122.548200,122.548200,122.548200,122.548200,122.548200,122.548200,2.048964
262,0,0,0,50.000000,0.000000,0.000000,0.000000,50.000000,122.538409,122.538409,122.538409,122.538409,122.538409,122.538409,122.538409,122.538409,122.538409,122.538409,122.538409,122.538409,122.538409,122.538409,122.538409,122.538409,122.538409,122.538409,2.049212
263,0,0,0,50.000000,0.000000,0.000000,0.000000,50.000000,122.528620,122.528620,122.528620,122.528620,122.528620,122.528620,122.528620,122.528620,122.528620,122.528620,122.528620,122.528620,122.528620,122.528620,122.528620,122.528620,122.528620,122.528620,2.049460
264,0,0,0,50.000000,0.000000,0.000000,0.000000,50.000000,122.518832,122.518832,122.518832,122.518832,122.518832,122.518832,122.518832,122.518832,122.518832,122.518832,122.518832,122.518832,122.518832,122.518832,122.518832,122.518832,122.518832,122.518832,2.049708
265,0,0,0,50.000000,0.000000,0.000000,0.000000,50.000000,122.509045,122.509045,122.509045,122.509045,122.509045,122.509045,122.509045,122.509045,122.509045,122.509045,122.509045,122.509045,122.509045,122.509045,122.509045,122.509045,122.509045,122.509045,2.049956
266,0,0,0,50.000000,0.000000,0.000000,0.000000,50.000000,122.499260,122.499260,122.499260,122.499260,122.499260,122.499260,122.499260,122.499260,122.499260,122.499260,122.499260,122.499260,122.499260,122.499260,122.499260,122.499260,122.499260,122.499260,2.050204
267,0,0,0,50.000000,0.000000,0.000000,0.000000,50.000000,122.489476,122.489476,122.489476,122.489476,122.489476,122.489476,122.489476,122.489476,122.489476,122.489476,122.489476,122.489476,122.489476,122.489476,122.489476,122.489476,122.489476,122.489476,2.050452
268,0,0,0,50.000000,0.000000,0.000000,0.000000,50.000000,122.479693,122.479693,122.479693,122.479693,122.479693,122.479693,122.479693,122.479693,122.479693,122.479693,122.479693,122.479693,122.479693,122.479693,122.479693,122.479693,122.479693,122.479693,2.050700
269,0,0,0,50.000000,0.000000,0.000000,0.000000,50.000000,122.469912,122.469912,122.469912,122.469912,122.469912,122.469912,122.469912,122.469912,122.469912,122.469912,122.469912,122.469912,122.469912,122.469912,122.469912,122.469912,122.469912,122.469912,2.050947
270,0,0,0,50.000000,0.000000,0.000000,0.000000,50.000000,122.460132,122.460132,122.460132,122.460132,122.460132,122.460132,122.460132,122.460132,122.460132,122.460132,122.460132,122.460132,122.460132,122.460132,122.460132,122.460132,122.460132,122.460132,2.051195
271,0,0,0,50.000000,0.000000,0.000000,0.000000,50.000000,122.450353,122.450353,122.450353,122.450353,122.450353,122.450353,122.450353,122.450353,122.450353,122.450353,122.450353,122.450353,122.450353,122.450353,122.450353,122.450353,122.450353,122.450353,2.051443
272,0,0,0,50.000000,0.000000,0.000000,0.000000,50.000000,122.440576,122.440576,122.440576,122.440576,122.440576,122.440576,122.440576,122.440576,122.440576,122.440576,122.440576,122.440576,122.440576,122.440576,122.440576,122.440576,122.440576,122.440576,2.051691
273,0,0,0,50.000000,0.000000,0.000000,0.000000,50.000000,122.430800,122.430800,122.430800,122.430800,122.430800,122.430800,122.430800,122.430800,122.430800,122.430800,122.430800,122.430800,122.430800,122.430800,122.430800,122.430800,122.430800,122.430800,2.051938
274,0,0,0,50.000000,0.000000,0.000000,0.000000,50.000000,122.421025,122.421025,122.421025,122.421025,122.421025,122.421025,122.421025,122.421025,122.421025,122.421025,122.421025,122.421025,122.421025,122.421025,122.421025,122.421025,122.421025,122.421025,2.052186
275,0,0,0,50.000000,0.000000,0.000000,0.000000,50.000000,122.411252,122.411252,122.411252,122.411252,122.411252,122.411252,122.411252,122.411252,122.411252,122.411252,122.411252,122.411252,122.411252,122.411252,122.411252,122.411252,122.411252,122.411252,2.052434
276,0,0,0,50.000000,0.000000,0.000000,0.000000,50.000000,122.401479,122.401479,122.401479,122.401479,122.401479,122.401479,122.401479,122.401479,122.401479,122.401479,122.401479,122.401479,122.401479,122.401479,122.401479,122.401479,122.401479,122.401479,2.052681
277,0,0,0,50.000000,0.000000,0.000000,0.000000,50.000000,122.391709,122.391709,122.391709,122.391709,122.391709,122.391709,122.391709,122.391709,122.391709,122.391709,122.391709,122.391709,122.391709,122.391709,122.391709,122.391709,122.391709,122.391709,2.052929
278,0,0,0,50.000000,0.000000,0.000000,0.000000,50.000000,122.381939,122.381939,122.381939,122.381939,122.381939,122.381939,122.381939,122.381939,122.381939,122.381939,122.381939,122.381939,122.381939,122.381939,122.381939,122.381939,122.381939,122.381939,2.053176
279,0,0,0,50.000000,0.000000,0.000000,0.000000,50.000000,122.372171,122.372171,122.372171,122.372171,122.372171,122.372171,122.372171,122.372171,122.372171,122.372171,122.372171,122.372171,122.372171,122.372171,122.372171,122.372171,122.372171,122.372171,2.053424
280,0,0,0,50.000000,0.000000,0.000000,0.000000,50.000000,122.362404,122.362404,122.362404,122.362404,122.362404,122.362404,122.362404,122.362404,122.362404,122.362404,122.362404,122.362404,122.362404,122.362404,122.362404,122.362404,122.362404,122.362404,2.053671
