minutes,Ta,Tsetpoint,inletT,draw,DRstatus,h_src1In (Wh),h_src1Out (Wh),tcouple1 (C),tcouple2 (C),tcouple3 (C),tcouple4 (C),tcouple5 (C),tcouple6 (C),toutlet (C)
0,19.72,50,14.44,0,0,0,0,49.31,49.31,49.31,49.31,49.31,49.31,
1,19.60175,50,14.305556,1.33491,0,0,0,48.55,48.55,48.55,48.55,48.55,48.55,45.06
2,19.626889,50,14.305556,2.891385,0,0,0,46.99,46.99,46.99,46.99,46.99,46.99,43.57
3,19.654711,50,14.320372,3.012477,0,0,0,45.44,45.44,45.44,45.44,45.44,45.44,42.18
4,19.697139,50,14.319444,3.002325,0,0,0,43.97,43.97,43.97,43.97,43.97,43.97,40.87
5,19.696733,50,14.304628,3.01118,0,55.88,137.92,43.15,43.15,43.15,43.15,43.15,43.15,39.61
6,19.615339,50,14.338889,3.001022,0,54.77,132.75,42.35,42.35,42.35,42.35,42.35,42.35,38.91
7,19.51465,50,14.345372,3.00695,0,53.67,127.66,41.56,41.56,41.56,41.56,41.56,41.56,38.23
8,19.545811,50,14.325,3.006359,0,52.63,123.56,40.79,40.79,40.79,40.79,40.79,40.79,37.55
9,19.548222,50,14.304628,3.00179,0,51.61,119.46,40.04,40.04,40.04,40.04,40.04,40.04,36.9
10,19.563017,50,14.280556,1.803987,0,51.27,118.17,39.79,39.79,39.79,39.79,39.79,39.79,36.72
11,19.564083,50,12,0,0,51.96,120.93,40.29,40.29,40.29,40.29,40.29,40.29,
12,19.532139,50,14.44,0,0,52.65,123.58,40.81,40.81,40.81,40.81,40.81,40.81,
13,19.534672,50,14.44,0,0,53.37,126.54,41.34,41.34,41.34,41.34,41.34,41.34,
14,19.641839,50,14.44,0,0,54.14,130.25,41.88,41.88,41.88,41.88,41.88,41.88,
15,19.607039,50,14.44,0,0,54.89,133.21,42.44,42.44,42.44,42.44,42.44,42.44,
16,19.585361,50,14.44,0,0,55.66,136.36,43,43,43,43,43,43,
17,19.546789,50,14.44,0,0,56.45,139.5,43.59,43.59,43.59,43.59,43.59,43.59,
18,19.54845,50,14.44,0,0,57.26,143.03,44.18,44.18,44.18,44.18,44.18,44.18,
19,19.54475,50,14.44,0,0,58.09,146.66,44.79,44.79,44.79,44.79,44.79,44.79,
20,19.536139,50,14.44,0,0,58.95,150.39,45.42,45.42,45.42,45.42,45.42,45.42,
21,19.496172,50,14.44,0,0,59.81,154.03,46.06,46.06,46.06,46.06,46.06,46.06,
22,19.520333,50,14.44,0,0,60.72,158.29,46.72,46.72,46.72,46.72,46.72,46.72,
23,19.578761,50,14.44,0,0,61.66,162.99,47.4,47.4,47.4,47.4,47.4,47.4,
24,19.585611,50,14.44,0,0,62.61,167.49,48.1,48.1,48.1,48.1,48.1,48.1,
25,19.535089,50,14.44,0,0,63.57,171.7,48.82,48.82,48.82,48.82,48.82,48.82,
26,19.522261,50,14.44,0,0,64.57,176.39,49.55,49.55,49.55,49.55,49.55,49.55,
27,19.540822,50,14.44,0,0,38.93,107.74,50,50,50,50,50,50,
28,19.553672,50,14.44,0,0,0,0,49.99,49.99,49.99,49.99,49.99,49.99,
29,19.55555,50,14.44,0,0,0,0,49.99,49.99,49.99,49.99,49.99,49.99,
30,19.577261,50,14.44,0,0,0,0,49.98,49.98,49.98,49.98,49.98,49.98,
31,19.563211,50,14.44,0.378997,0,0,0,49.75,49.75,49.75,49.75,49.75,49.75,46.21
32,19.62365,50,14.44,0.947445,0,0,0,49.2,49.2,49.2,49.2,49.2,49.2,45.68
33,19.598939,50,14.44,0.63038,0,0,0,48.84,48.84,48.84,48.84,48.84,48.84,45.37
34,19.547172,50,14.44,0,0,0,0,48.83,48.83,48.83,48.83,48.83,48.83,
35,19.635583,50,14.44,0,0,0,0,48.83,48.83,48.83,48.83,48.83,48.83,
36,19.611939,50,14.44,0,0,0,0,48.82,48.82,48.82,48.82,48.82,48.82,
37,19.635639,50,14.44,0,0,0,0,48.82,48.82,48.82,48.82,48.82,48.82,
38,19.56255,50,14.44,0,0,0,0,48.81,48.81,48.81,48.81,48.81,48.81,
39,19.622939,50,14.44,0,0,0,0,48.8,48.8,48.8,48.8,48.8,48.8,
40,19.650339,50,14.44,0,0,0,0,48.8,48.8,48.8,48.8,48.8,48.8,
41,19.601417,50,14.44,0.389959,0,0,0,48.57,48.57,48.57,48.57,48.57,48.57,45.14
42,19.624144,50,14.44,0.536864,0,0,0,48.27,48.27,48.27,48.27,48.27,48.27,44.86
43,19.60675,50,14.44,0,0,0,0,48.26,48.26,48.26,48.26,48.26,48.26,
44,19.577372,50,14.44,0,0,0,0,48.26,48.26,48.26,48.26,48.26,48.26,
45,19.564289,50,14.44,0,0,0,0,48.25,48.25,48.25,48.25,48.25,48.25,
46,19.582461,50,14.44,0,0,0,0,48.24,48.24,48.24,48.24,48.24,48.24,
47,19.586256,50,14.44,0,0,0,0,48.24,48.24,48.24,48.24,48.24,48.24,
48,19.579689,50,14.44,0,0,0,0,48.23,48.23,48.23,48.23,48.23,48.23,
49,19.567033,50,14.44,0,0,0,0,48.23,48.23,48.23,48.23,48.23,48.23,
50,19.573161,50,14.44,0,0,0,0,48.22,48.22,48.22,48.22,48.22,48.22,
51,19.5717,50,14.44,0,0,0,0,48.21,48.21,48.21,48.21,48.21,48.21,
52,19.568072,50,14.44,0,0,0,0,48.21,48.21,48.21,48.21,48.21,48.21,
53,19.608411,50,14.44,0,0,0,0,48.2,48.2,48.2,48.2,48.2,48.2,
54,19.601061,50,14.44,0,0,0,0,48.2,48.2,48.2,48.2,48.2,48.2,
55,19.567489,50,14.44,0,0,0,0,48.19,48.19,48.19,48.19,48.19,48.19,
56,19.56725,50,14.44,0,0,0,0,48.19,48.19,48.19,48.19,48.19,48.19,
57,19.56205,50,14.44,0,0,0,0,48.18,48.18,48.18,48.18,48.18,48.18,
58,19.590383,50,14.44,0,0,0,0,48.17,48.17,48.17,48.17,48.17,48.17,
59,19.5637,50,14.44,0,0,0,0,48.17,48.17,48.17,48.17,48.17,48.17,
60,19.544522,50,14.44,0,0,0,0,48.16,48.16,48.16,48.16,48.16,48.16,
61,19.545939,50,14.44,0,0,0,0,48.16,48.16,48.16,48.16,48.16,48.16,
62,19.574178,50,14.44,0,0,0,0,48.15,48.15,48.15,48.15,48.15,48.15,
63,19.528539,50,14.44,0,0,0,0,48.15,48.15,48.15,48.15,48.15,48.15,
64,19.623033,50,14.44,0,0,0,0,48.14,48.14,48.14,48.14,48.14,48.14,
65,19.630022,50,14.44,0,0,0,0,48.13,48.13,48.13,48.13,48.13,48.13,
66,19.637672,50,14.44,0,0,0,0,48.13,48.13,48.13,48.13,48.13,48.13,
67,19.621517,50,14.44,0,0,0,0,48.12,48.12,48.12,48.12,48.12,48.12,
68,19.58905,50,14.44,0,0,0,0,48.12,48.12,48.12,48.12,48.12,48.12,
69,19.570772,50,14.44,0,0,0,0,48.11,48.11,48.11,48.11,48.11,48.11,
70,19.623606,50,14.44,0,0,0,0,48.11,48.11,48.11,48.11,48.11,48.11,
71,19.639578,50,14.44,0,0,0,0,48.1,48.1,48.1,48.1,48.1,48.1,
72,19.629028,50,14.44,0,0,0,0,48.09,48.09,48.09,48.09,48.09,48.09,
73,19.598189,50,14.44,0,0,0,0,48.09,48.09,48.09,48.09,48.09,48.09,
74,19.605389,50,14.44,0,0,0,0,48.08,48.08,48.08,48.08,48.08,48.08,
75,19.622922,50,14.44,0,0,0,0,48.08,48.08,48.08,48.08,48.08,48.08,
76,19.630522,50,14.44,0,0,0,0,48.07,48.07,48.07,48.07,48.07,48.07,
77,19.581689,50,14.44,0,0,0,0,48.07,48.07,48.07,48.07,48.07,48.07,
78,19.602883,50,14.44,0,0,0,0,48.06,48.06,48.06,48.06,48.06,48.06,
79,19.63495,50,14.44,0,0,0,0,48.05,48.05,48.05,48.05,48.05,48.05,
80,19.638439,50,14.44,0,0,0,0,48.05,48.05,48.05,48.05,48.05,48.05,
81,19.674339,50,14.44,0,0,0,0,48.04,48.04,48.04,48.04,48.04,48.04,
82,19.704178,50,14.44,0,0,0,0,48.04,48.04,48.04,48.04,48.04,48.04,
83,19.7017,50,14.44,0,0,0,0,48.03,48.03,48.03,48.03,48.03,48.03,
84,19.710039,50,14.44,0,0,0,0,48.03,48.03,48.03,48.03,48.03,48.03,
85,19.709322,50,14.44,0,0,0,0,48.02,48.02,48.02,48.02,48.02,48.02,
86,19.654611,50,14.44,0,0,0,0,48.01,48.01,48.01,48.01,48.01,48.01,
87,19.651172,50,14.44,0,0,0,0,48.01,48.01,48.01,48.01,48.01,48.01,
88,19.649444,50,14.44,0,0,0,0,48,48,48,48,48,48,
89,19.631728,50,14.44,0,0,0,0,48,48,48,48,48,48,
90,19.600011,50,14.44,0,0,0,0,47.99,47.99,47.99,47.99,47.99,47.99,
91,19.623017,50,14.44,0,0,0,0,47.99,47.99,47.99,47.99,47.99,47.99,
92,19.620906,50,14.44,0,0,0,0,47.98,47.98,47.98,47.98,47.98,47.98,
93,19.621067,50,14.44,0,0,0,0,47.97,47.97,47.97,47.97,47.97,47.97,
94,19.597022,50,14.44,0,0,0,0,47.97,47.97,47.97,47.97,47.97,47.97,
95,19.6271,50,14.44,0,0,0,0,47.96,47.96,47.96,47.96,47.96,47.96,
96,19.608661,50,14.44,0,0,0,0,47.96,47.96,47.96,47.96,47.96,47.96,
97,19.625572,50,14.44,0,0,0,0,47.95,47.95,47.95,47.95,47.95,47.95,
98,19.702889,50,14.44,0,0,0,0,47.95,47.95,47.95,47.95,47.95,47.95,
99,19.753122,50,14.44,0,0,0,0,47.94,47.94,47.94,47.94,47.94,47.94,
100,19.758461,50,14.44,0,0,0,0,47.93,47.93,47.93,47.93,47.93,47.93,
101,19.695283,50,14.44,0.659254,0,0,0,47.57,47.57,47.57,47.57,47.57,47.57,44.22
102,19.660522,50,14.44,1.716594,0,0,0,46.65,46.65,46.65,46.65,46.65,46.65,43.34
103,19.665289,50,14.44,1.708372,0,0,0,45.76,45.76,45.76,45.76,45.76,45.76,42.55
104,19.628361,50,14.44,1.70906,0,0,0,44.9,44.9,44.9,44.9,44.9,44.9,41.77
105,19.575311,50,14.44,1.709173,0,0,0,44.06,44.06,44.06,44.06,44.06,44.06,41.02
106,19.540667,50,14.44,1.394303,0,56.99,141.8,43.98,43.98,43.98,43.98,43.98,43.98,40.43
107,19.51315,50,14.44,0,0,57.8,145.21,44.59,44.59,44.59,44.59,44.59,44.59,
108,19.50165,50,14.44,0,0,58.65,148.86,45.21,45.21,45.21,45.21,45.21,45.21,
109,19.519228,50,14.44,0,0,59.52,152.86,45.85,45.85,45.85,45.85,45.85,45.85,
110,19.5696,50,14.44,0,0,60.43,157.28,46.5,46.5,46.5,46.5,46.5,46.5,
111,19.6135,50,14.44,0,0,61.36,161.83,47.18,47.18,47.18,47.18,47.18,47.18,
112,19.647178,50,14.44,0,0,62.31,166.5,47.87,47.87,47.87,47.87,47.87,47.87,
113,19.577511,50,14.44,0,0,63.26,170.53,48.58,48.58,48.58,48.58,48.58,48.58,
114,19.672722,50,14.44,0,0,64.29,176.09,49.32,49.32,49.32,49.32,49.32,49.32,
115,19.7141,50,14.44,0,0,58.99,163.84,50,50,50,50,50,50,
116,19.703428,50,14.44,0,0,0,0,49.99,49.99,49.99,49.99,49.99,49.99,
117,19.64725,50,14.44,0,0,0,0,49.99,49.99,49.99,49.99,49.99,49.99,
118,19.68695,50,14.44,0,0,0,0,49.98,49.98,49.98,49.98,49.98,49.98,
119,19.624239,50,14.44,0,0,0,0,49.98,49.98,49.98,49.98,49.98,49.98,
120,19.680233,50,14.44,0,0,0,0,49.97,49.97,49.97,49.97,49.97,49.97,
121,19.657117,50,14.44,0,0,0,0,49.96,49.96,49.96,49.96,49.96,49.96,
122,19.6367,50,14.44,0,0,0,0,49.96,49.96,49.96,49.96,49.96,49.96,
123,19.670939,50,14.44,0,0,0,0,49.95,49.95,49.95,49.95,49.95,49.95,
124,19.70235,50,14.44,0,0,0,0,49.95,49.95,49.95,49.95,49.95,49.95,
125,19.745222,50,14.44,0,0,0,0,49.94,49.94,49.94,49.94,49.94,49.94,
126,19.697733,50,14.44,0,0,0,0,49.93,49.93,49.93,49.93,49.93,49.93,
127,19.639139,50,14.44,0,0,0,0,49.93,49.93,49.93,49.93,49.93,49.93,
128,19.616089,50,14.44,0,0,0,0,49.92,49.92,49.92,49.92,49.92,49.92,
129,19.646339,50,14.44,0,0,0,0,49.91,49.91,49.91,49.91,49.91,49.91,
130,19.683056,50,14.44,0,0,0,0,49.91,49.91,49.91,49.91,49.91,49.91,
131,19.60585,50,14.44,0,0,0,0,49.9,49.9,49.9,49.9,49.9,49.9,
132,19.627189,50,14.44,0,0,0,0,49.9,49.9,49.9,49.9,49.9,49.9,
133,19.652217,50,14.44,0,0,0,0,49.89,49.89,49.89,49.89,49.89,49.89,
134,19.679089,50,14.44,0,0,0,0,49.88,49.88,49.88,49.88,49.88,49.88,
135,19.737328,50,14.44,0,0,0,0,49.88,49.88,49.88,49.88,49.88,49.88,
136,19.711661,50,14.44,0,0,0,0,49.87,49.87,49.87,49.87,49.87,49.87,
137,19.708078,50,14.44,0,0,0,0,49.87,49.87,49.87,49.87,49.87,49.87,
138,19.65665,50,14.44,0,0,0,0,49.86,49.86,49.86,49.86,49.86,49.86,
139,19.5469,50,14.44,0,0,0,0,49.85,49.85,49.85,49.85,49.85,49.85,
140,19.519278,50,14.44,0,0,0,0,49.85,49.85,49.85,49.85,49.85,49.85,
141,19.518639,50,14.44,0,0,0,0,49.84,49.84,49.84,49.84,49.84,49.84,
142,19.53815,50,14.44,0,0,0,0,49.84,49.84,49.84,49.84,49.84,49.84,
143,19.565111,50,14.44,0,0,0,0,49.83,49.83,49.83,49.83,49.83,49.83,
144,19.581628,50,14.44,0,0,0,0,49.82,49.82,49.82,49.82,49.82,49.82,
145,19.544478,50,14.44,0,0,0,0,49.82,49.82,49.82,49.82,49.82,49.82,
146,19.5626,50,14.44,0,0,0,0,49.81,49.81,49.81,49.81,49.81,49.81,
147,19.622283,50,14.44,0,0,0,0,49.8,49.8,49.8,49.8,49.8,49.8,
148,19.63345,50,14.44,0,0,0,0,49.8,49.8,49.8,49.8,49.8,49.8,
149,19.633317,50,14.44,0,0,0,0,49.79,49.79,49.79,49.79,49.79,49.79,
150,19.612389,50,14.44,0,0,0,0,49.79,49.79,49.79,49.79,49.79,49.79,
151,19.575339,50,14.44,0,0,0,0,49.78,49.78,49.78,49.78,49.78,49.78,
152,19.536839,50,14.44,0,0,0,0,49.77,49.77,49.77,49.77,49.77,49.77,
153,19.547028,50,14.44,0,0,0,0,49.77,49.77,49.77,49.77,49.77,49.77,
154,19.566678,50,14.44,0,0,0,0,49.76,49.76,49.76,49.76,49.76,49.76,
155,19.59675,50,14.44,0,0,0,0,49.76,49.76,49.76,49.76,49.76,49.76,
156,19.618861,50,14.44,0,0,0,0,49.75,49.75,49.75,49.75,49.75,49.75,
157,19.6194,50,14.44,0,0,0,0,49.74,49.74,49.74,49.74,49.74,49.74,
158,19.571778,50,14.44,0,0,0,0,49.74,49.74,49.74,49.74,49.74,49.74,
159,19.590678,50,14.44,0,0,0,0,49.73,49.73,49.73,49.73,49.73,49.73,
160,19.6343,50,14.44,0,0,0,0,49.73,49.73,49.73,49.73,49.73,49.73,
161,19.6342,50,14.44,0,0,0,0,49.72,49.72,49.72,49.72,49.72,49.72,
162,19.575689,50,14.44,0,0,0,0,49.71,49.71,49.71,49.71,49.71,49.71,
163,19.5835,50,14.44,0,0,0,0,49.71,49.71,49.71,49.71,49.71,49.71,
164,19.5994,50,14.44,0,0,0,0,49.7,49.7,49.7,49.7,49.7,49.7,
165,19.609033,50,14.44,0,0,0,0,49.7,49.7,49.7,49.7,49.7,49.7,
166,19.7062,50,14.44,0,0,0,0,49.69,49.69,49.69,49.69,49.69,49.69,
167,19.720711,50,14.44,0,0,0,0,49.68,49.68,49.68,49.68,49.68,49.68,
168,19.756261,50,14.44,0,0,0,0,49.68,49.68,49.68,49.68,49.68,49.68,
169,19.7095,50,14.44,0,0,0,0,49.67,49.67,49.67,49.67,49.67,49.67,
170,19.634739,50,14.44,0,0,0,0,49.67,49.67,49.67,49.67,49.67,49.67,
171,19.658161,50,14.44,0,0,0,0,49.66,49.66,49.66,49.66,49.66,49.66,
172,19.659711,50,14.44,0,0,0,0,49.65,49.65,49.65,49.65,49.65,49.65,
173,19.6708,50,14.44,0,0,0,0,49.65,49.65,49.65,49.65,49.65,49.65,
174,19.672311,50,14.44,0,0,0,0,49.64,49.64,49.64,49.64,49.64,49.64,
175,19.686461,50,14.44,0,0,0,0,49.64,49.64,49.64,49.64,49.64,49.64,
176,19.6982,50,14.44,0,0,0,0,49.63,49.63,49.63,49.63,49.63,49.63,
177,19.684,50,14.44,0,0,0,0,49.62,49.62,49.62,49.62,49.62,49.62,
178,19.704261,50,14.44,0,0,0,0,49.62,49.62,49.62,49.62,49.62,49.62,
179,19.6646,50,14.44,0,0,0,0,49.61,49.61,49.61,49.61,49.61,49.61,
180,19.699961,50,14.44,0,0,0,0,49.61,49.61,49.61,49.61,49.61,49.61,
181,19.711689,50,14.44,0,0,0,0,49.6,49.6,49.6,49.6,49.6,49.6,
182,19.694267,50,14.44,0,0,0,0,49.59,49.59,49.59,49.59,49.59,49.59,
183,19.704739,50,14.44,0,0,0,0,49.59,49.59,49.59,49.59,49.59,49.59,
184,19.665089,50,14.44,0,0,0,0,49.58,49.58,49.58,49.58,49.58,49.58,
185,19.6945,50,14.44,0,0,0,0,49.57,49.57,49.57,49.57,49.57,49.57,
186,19.70205,50,14.44,0,0,0,0,49.57,49.57,49.57,49.57,49.57,49.57,
187,19.70175,50,14.44,0,0,0,0,49.56,49.56,49.56,49.56,49.56,49.56,
188,19.6951,50,14.44,0,0,0,0,49.56,49.56,49.56,49.56,49.56,49.56,
189,19.651517,50,14.44,0,0,0,0,49.55,49.55,49.55,49.55,49.55,49.55,
190,19.70115,50,14.44,0,0,0,0,49.54,49.54,49.54,49.54,49.54,49.54,
191,19.679767,50,14.44,0,0,0,0,49.54,49.54,49.54,49.54,49.54,49.54,
192,19.655861,50,14.44,0,0,0,0,49.53,49.53,49.53,49.53,49.53,49.53,
193,19.666689,50,14.44,0,0,0,0,49.53,49.53,49.53,49.53,49.53,49.53,
194,19.66775,50,14.44,0,0,0,0,49.52,49.52,49.52,49.52,49.52,49.52,
195,19.69465,50,14.44,0,0,0,0,49.51,49.51,49.51,49.51,49.51,49.51,
196,19.667039,50,14.44,0,0,0,0,49.51,49.51,49.51,49.51,49.51,49.51,
197,19.618522,50,14.44,0,0,0,0,49.5,49.5,49.5,49.5,49.5,49.5,
198,19.563694,50,14.44,0,0,0,0,49.5,49.5,49.5,49.5,49.5,49.5,
199,19.589172,50,14.44,0,0,0,0,49.49,49.49,49.49,49.49,49.49,49.49,
200,19.670217,50,14.44,0,0,0,0,49.48,49.48,49.48,49.48,49.48,49.48,
201,19.744617,50,14.44,0,0,0,0,49.48,49.48,49.48,49.48,49.48,49.48,
202,19.669511,50,14.44,0,0,0,0,49.47,49.47,49.47,49.47,49.47,49.47,
203,19.603939,50,14.44,0,0,0,0,49.47,49.47,49.47,49.47,49.47,49.47,
204,19.612439,50,14.44,0,0,0,0,49.46,49.46,49.46,49.46,49.46,49.46,
205,19.696578,50,14.44,0,0,0,0,49.45,49.45,49.45,49.45,49.45,49.45,
206,19.624389,50,14.44,0,0,0,0,49.45,49.45,49.45,49.45,49.45,49.45,
207,19.581628,50,14.44,0,0,0,0,49.44,49.44,49.44,49.44,49.44,49.44,
208,19.594783,50,14.44,0,0,0,0,49.44,49.44,49.44,49.44,49.44,49.44,
209,19.615828,50,14.44,0,0,0,0,49.43,49.43,49.43,49.43,49.43,49.43,
210,19.669539,50,14.44,0,0,0,0,49.42,49.42,49.42,49.42,49.42,49.42,
211,19.80045,50,14.44,0,0,0,0,49.42,49.42,49.42,49.42,49.42,49.42,
212,19.733889,50,14.44,0,0,0,0,49.41,49.41,49.41,49.41,49.41,49.41,
213,19.689761,50,14.44,0,0,0,0,49.41,49.41,49.41,49.41,49.41,49.41,
214,19.684828,50,14.44,0,0,0,0,49.4,49.4,49.4,49.4,49.4,49.4,
215,19.632839,50,14.44,0,0,0,0,49.39,49.39,49.39,49.39,49.39,49.39,
216,19.654039,50,14.44,0,0,0,0,49.39,49.39,49.39,49.39,49.39,49.39,
217,19.651489,50,14.44,0,0,0,0,49.38,49.38,49.38,49.38,49.38,49.38,
218,19.622339,50,14.44,0,0,0,0,49.38,49.38,49.38,49.38,49.38,49.38,
219,19.593739,50,14.44,0,0,0,0,49.37,49.37,49.37,49.37,49.37,49.37,
220,19.585617,50,14.44,0,0,0,0,49.36,49.36,49.36,49.36,49.36,49.36,
221,19.6993,50,14.44,0,0,0,0,49.36,49.36,49.36,49.36,49.36,49.36,
222,19.723789,50,14.44,0,0,0,0,49.35,49.35,49.35,49.35,49.35,49.35,
223,19.654667,50,14.44,0,0,0,0,49.35,49.35,49.35,49.35,49.35,49.35,
224,19.596839,50,14.44,0,0,0,0,49.34,49.34,49.34,49.34,49.34,49.34,
225,19.629772,50,14.44,0,0,0,0,49.33,49.33,49.33,49.33,49.33,49.33,
226,19.721211,50,14.44,0,0,0,0,49.33,49.33,49.33,49.33,49.33,49.33,
227,19.750894,50,14.44,0,0,0,0,49.32,49.32,49.32,49.32,49.32,49.32,
228,19.6662,50,14.44,0,0,0,0,49.32,49.32,49.32,49.32,49.32,49.32,
229,19.605439,50,14.44,0,0,0,0,49.31,49.31,49.31,49.31,49.31,49.31,
230,19.594561,50,14.44,0,0,0,0,49.31,49.31,49.31,49.31,49.31,49.31,
231,19.603178,50,14.44,0,0,0,0,49.3,49.3,49.3,49.3,49.3,49.3,
232,19.66295,50,14.44,0,0,0,0,49.29,49.29,49.29,49.29,49.29,49.29,
233,19.611161,50,14.44,0,0,0,0,49.29,49.29,49.29,49.29,49.29,49.29,
234,19.5879,50,14.44,0,0,0,0,49.28,49.28,49.28,49.28,49.28,49.28,
235,19.638106,50,14.44,0,0,0,0,49.28,49.28,49.28,49.28,49.28,49.28,
236,19.742617,50,14.44,0,0,0,0,49.27,49.27,49.27,49.27,49.27,49.27,
237,19.709189,50,14.44,0,0,0,0,49.26,49.26,49.26,49.26,49.26,49.26,
238,19.692422,50,14.44,0,0,0,0,49.26,49.26,49.26,49.26,49.26,49.26,
239,19.678889,50,14.44,0,0,0,0,49.25,49.25,49.25,49.25,49.25,49.25,
240,19.662283,50,14.44,0,0,0,0,49.25,49.25,49.25,49.25,49.25,49.25,
241,19.642039,50,14.44,0,0,0,0,49.24,49.24,49.24,49.24,49.24,49.24,
242,19.651489,50,14.44,0,0,0,0,49.23,49.23,49.23,49.23,49.23,49.23,
243,19.675111,50,14.44,0,0,0,0,49.23,49.23,49.23,49.23,49.23,49.23,
244,19.623783,50,14.44,0,0,0,0,49.22,49.22,49.22,49.22,49.22,49.22,
245,19.647911,50,14.44,0,0,0,0,49.22,49.22,49.22,49.22,49.22,49.22,
246,19.650489,50,14.44,0,0,0,0,49.21,49.21,49.21,49.21,49.21,49.21,
247,19.6946,50,14.44,0,0,0,0,49.2,49.2,49.2,49.2,49.2,49.2,
248,19.642239,50,14.44,0,0,0,0,49.2,49.2,49.2,49.2,49.2,49.2,
249,19.679111,50,14.44,0,0,0,0,49.19,49.19,49.19,49.19,49.19,49.19,
250,19.731,50,14.44,0,0,0,0,49.19,49.19,49.19,49.19,49.19,49.19,
251,19.673722,50,14.44,0,0,0,0,49.18,49.18,49.18,49.18,49.18,49.18,
252,19.649172,50,14.44,0,0,0,0,49.17,49.17,49.17,49.17,49.17,49.17,
253,19.657961,50,14.44,0,0,0,0,49.17,49.17,49.17,49.17,49.17,49.17,
254,19.675339,50,14.44,0,0,0,0,49.16,49.16,49.16,49.16,49.16,49.16,
255,19.674583,50,14.44,0,0,0,0,49.16,49.16,49.16,49.16,49.16,49.16,
256,19.664389,50,14.44,0,0,0,0,49.15,49.15,49.15,49.15,49.15,49.15,
257,19.649389,50,14.44,0,0,0,0,49.14,49.14,49.14,49.14,49.14,49.14,
258,19.6511,50,14.44,0,0,0,0,49.14,49.14,49.14,49.14,49.14,49.14,
259,19.712306,50,14.44,0,0,0,0,49.13,49.13,49.13,49.13,49.13,49.13,
260,19.654217,50,14.44,0,0,0,0,49.13,49.13,49.13,49.13,49.13,49.13,
261,19.673478,50,14.44,0,0,0,0,49.12,49.12,49.12,49.12,49.12,49.12,
262,19.644511,50,14.44,0,0,0,0,49.11,49.11,49.11,49.11,49.11,49.11,
263,19.674833,50,14.44,0,0,0,0,49.11,49.11,49.11,49.11,49.11,49.11,
264,19.660472,50,14.44,0,0,0,0,49.1,49.1,49.1,49.1,49.1,49.1,
265,19.600311,50,14.44,0,0,0,0,49.1,49.1,49.1,49.1,49.1,49.1,
266,19.601589,50,14.44,0,0,0,0,49.09,49.09,49.09,49.09,49.09,49.09,
267,19.582467,50,14.44,0,0,0,0,49.08,49.08,49.08,49.08,49.08,49.08,
268,19.579122,50,14.44,0,0,0,0,49.08,49.08,49.08,49.08,49.08,49.08,
269,19.588617,50,14.44,0,0,0,0,49.07,49.07,49.07,49.07,49.07,49.07,
270,19.672722,50,14.44,0,0,0,0,49.07,49.07,49.07,49.07,49.07,49.07,
271,19.675011,50,14.44,0,0,0,0,49.06,49.06,49.06,49.06,49.06,49.06,
272,19.627728,50,14.44,0,0,0,0,49.06,49.06,49.06,49.06,49.06,49.06,
273,19.585589,50,14.44,0,0,0,0,49.05,49.05,49.05,49.05,49.05,49.05,
274,19.653717,50,14.44,0,0,0,0,49.04,49.04,49.04,49.04,49.04,49.04,
275,19.610328,50,14.44,0,0,0,0,49.04,49.04,49.04,49.04,49.04,49.04,
276,19.619339,50,14.44,0,0,0,0,49.03,49.03,49.03,49.03,49.03,49.03,
277,19.555539,50,14.44,0,0,0,0,49.03,49.03,49.03,49.03,49.03,49.03,
278,19.541078,50,14.44,0,0,0,0,49.02,49.02,49.02,49.02,49.02,49.02,
279,19.541522,50,14.44,0,0,0,0,49.01,49.01,49.01,49.01,49.01,49.01,
280,19.547528,50,14.44,0,0,0,0,49.01,49.01,49.01,49.01,49.01,49.01,
281,19.631039,50,14.44,0,0,0,0,49,49,49,49,49,49,
282,19.623911,50,14.44,0,0,0,0,49,49,49,49,49,49,
283,19.593639,50,14.44,0,0,0,0,48.99,48.99,48.99,48.99,48.99,48.99,
284,19.601839,50,14.44,0,0,0,0,48.98,48.98,48.98,48.98,48.98,48.98,
285,19.581822,50,14.44,0,0,0,0,48.98,48.98,48.98,48.98,48.98,48.98,
286,19.579361,50,14.44,0,0,0,0,48.97,48.97,48.97,48.97,48.97,48.97,
287,19.603278,50,14.44,0,0,0,0,48.97,48.97,48.97,48.97,48.97,48.97,
288,19.743139,50,14.44,0,0,0,0,48.96,48.96,48.96,48.96,48.96,48.96,
289,19.728472,50,14.44,0,0,0,0,48.95,48.95,48.95,48.95,48.95,48.95,
290,19.666517,50,14.44,0,0,0,0,48.95,48.95,48.95,48.95,48.95,48.95,
291,19.616539,50,14.44,0,0,0,0,48.94,48.94,48.94,48.94,48.94,48.94,
292,19.638428,50,14.44,0,0,0,0,48.94,48.94,48.94,48.94,48.94,48.94,
293,19.685617,50,14.44,0,0,0,0,48.93,48.93,48.93,48.93,48.93,48.93,
294,19.6799,50,14.44,0,0,0,0,48.93,48.93,48.93,48.93,48.93,48.93,
295,19.647678,50,14.44,0,0,0,0,48.92,48.92,48.92,48.92,48.92,48.92,
296,19.62225,50,14.44,0,0,0,0,48.91,48.91,48.91,48.91,48.91,48.91,
297,19.628794,50,14.44,0,0,0,0,48.91,48.91,48.91,48.91,48.91,48.91,
298,19.73635,50,14.44,0,0,0,0,48.9,48.9,48.9,48.9,48.9,48.9,
299,19.722489,50,14.44,0,0,0,0,48.9,48.9,48.9,48.9,48.9,48.9,
300,19.6803,50,14.44,0,0,0,0,48.89,48.89,48.89,48.89,48.89,48.89,
301,19.643728,50,14.44,0,0,0,0,48.88,48.88,48.88,48.88,48.88,48.88,
302,19.637539,50,14.44,0,0,0,0,48.88,48.88,48.88,48.88,48.88,48.88,
303,19.644439,50,14.44,0,0,0,0,48.87,48.87,48.87,48.87,48.87,48.87,
304,19.651394,50,14.44,0,0,0,0,48.87,48.87,48.87,48.87,48.87,48.87,
305,19.678589,50,14.44,0,0,0,0,48.86,48.86,48.86,48.86,48.86,48.86,
306,19.644117,50,14.44,0,0,0,0,48.85,48.85,48.85,48.85,48.85,48.85,
307,19.684761,50,14.44,0,0,0,0,48.85,48.85,48.85,48.85,48.85,48.85,
308,19.7152,50,14.44,0,0,0,0,48.84,48.84,48.84,48.84,48.84,48.84,
309,19.6939,50,14.44,0,0,0,0,48.84,48.84,48.84,48.84,48.84,48.84,
310,19.694783,50,14.44,0,0,0,0,48.83,48.83,48.83,48.83,48.83,48.83,
311,19.711844,50,14.44,0,0,0,0,48.83,48.83,48.83,48.83,48.83,48.83,
312,19.689528,50,14.44,0,0,0,0,48.82,48.82,48.82,48.82,48.82,48.82,
313,19.677111,50,14.44,0,0,0,0,48.81,48.81,48.81,48.81,48.81,48.81,
314,19.666856,50,14.44,0,0,0,0,48.81,48.81,48.81,48.81,48.81,48.81,
315,19.699328,50,14.44,0,0,0,0,48.8,48.8,48.8,48.8,48.8,48.8,
316,19.68105,50,14.44,0,0,0,0,48.8,48.8,48.8,48.8,48.8,48.8,
317,19.658006,50,14.44,0,0,0,0,48.79,48.79,48.79,48.79,48.79,48.79,
318,19.667128,50,14.44,0,0,0,0,48.78,48.78,48.78,48.78,48.78,48.78,
319,19.655078,50,14.44,0,0,0,0,48.78,48.78,48.78,48.78,48.78,48.78,
320,19.676211,50,14.44,0,0,0,0,48.77,48.77,48.77,48.77,48.77,48.77,
321,19.68995,50,14.44,0,0,0,0,48.77,48.77,48.77,48.77,48.77,48.77,
322,19.616039,50,14.44,0,0,0,0,48.76,48.76,48.76,48.76,48.76,48.76,
323,19.592639,50,14.44,0,0,0,0,48.75,48.75,48.75,48.75,48.75,48.75,
324,19.648422,50,14.44,0,0,0,0,48.75,48.75,48.75,48.75,48.75,48.75,
325,19.671161,50,14.44,0,0,0,0,48.74,48.74,48.74,48.74,48.74,48.74,
326,19.675639,50,14.44,0,0,0,0,48.74,48.74,48.74,48.74,48.74,48.74,
327,19.609839,50,14.44,0,0,0,0,48.73,48.73,48.73,48.73,48.73,48.73,
328,19.579767,50,14.44,0,0,0,0,48.73,48.73,48.73,48.73,48.73,48.73,
329,19.6212,50,14.44,0,0,0,0,48.72,48.72,48.72,48.72,48.72,48.72,
330,19.657078,50,14.44,0,0,0,0,48.71,48.71,48.71,48.71,48.71,48.71,
331,19.672111,50,14.44,0,0,0,0,48.71,48.71,48.71,48.71,48.71,48.71,
332,19.642128,50,14.44,0,0,0,0,48.7,48.7,48.7,48.7,48.7,48.7,
333,19.663511,50,14.44,0,0,0,0,48.7,48.7,48.7,48.7,48.7,48.7,
334,19.692817,50,14.44,0,0,0,0,48.69,48.69,48.69,48.69,48.69,48.69,
335,19.663672,50,14.44,0,0,0,0,48.68,48.68,48.68,48.68,48.68,48.68,
336,19.679439,50,14.44,0,0,0,0,48.68,48.68,48.68,48.68,48.68,48.68,
337,19.672078,50,14.44,0,0,0,0,48.67,48.67,48.67,48.67,48.67,48.67,
338,19.677561,50,14.44,0,0,0,0,48.67,48.67,48.67,48.67,48.67,48.67,
339,19.6593,50,14.44,0,0,0,0,48.66,48.66,48.66,48.66,48.66,48.66,
340,19.66535,50,14.44,0,0,0,0,48.66,48.66,48.66,48.66,48.66,48.66,
341,19.649767,50,14.44,0,0,0,0,48.65,48.65,48.65,48.65,48.65,48.65,
342,19.633611,50,14.44,0,0,0,0,48.64,48.64,48.64,48.64,48.64,48.64,
343,19.60795,50,14.44,0,0,0,0,48.64,48.64,48.64,48.64,48.64,48.64,
344,19.622372,50,14.44,0,0,0,0,48.63,48.63,48.63,48.63,48.63,48.63,
345,19.558133,50,14.44,0,0,0,0,48.63,48.63,48.63,48.63,48.63,48.63,
346,19.642511,50,14.44,0,0,0,0,48.62,48.62,48.62,48.62,48.62,48.62,
347,19.676222,50,14.44,0,0,0,0,48.61,48.61,48.61,48.61,48.61,48.61,
348,19.675522,50,14.44,0,0,0,0,48.61,48.61,48.61,48.61,48.61,48.61,
349,19.6548,50,14.44,0,0,0,0,48.6,48.6,48.6,48.6,48.6,48.6,
350,19.603567,50,14.44,0,0,0,0,48.6,48.6,48.6,48.6,48.6,48.6,
351,19.604472,50,14.44,0,0,0,0,48.59,48.59,48.59,48.59,48.59,48.59,
352,19.645317,50,14.44,0,0,0,0,48.59,48.59,48.59,48.59,48.59,48.59,
353,19.670022,50,14.44,0,0,0,0,48.58,48.58,48.58,48.58,48.58,48.58,
354,19.58175,50,14.44,0,0,0,0,48.57,48.57,48.57,48.57,48.57,48.57,
355,19.55315,50,14.44,0,0,0,0,48.57,48.57,48.57,48.57,48.57,48.57,
356,19.589228,50,14.44,0,0,0,0,48.56,48.56,48.56,48.56,48.56,48.56,
357,19.588539,50,14.44,0,0,0,0,48.56,48.56,48.56,48.56,48.56,48.56,
358,19.610772,50,14.44,0,0,0,0,48.55,48.55,48.55,48.55,48.55,48.55,
359,19.58665,50,14.44,0,0,0,0,48.54,48.54,48.54,48.54,48.54,48.54,
360,19.599978,50,14.44,0,0,0,0,48.54,48.54,48.54,48.54,48.54,48.54,
361,19.645111,50,14.44,0,0,0,0,48.53,48.53,48.53,48.53,48.53,48.53,
362,19.654322,50,14.44,0,0,0,0,48.53,48.53,48.53,48.53,48.53,48.53,
363,19.657489,50,14.44,0,0,0,0,48.52,48.52,48.52,48.52,48.52,48.52,
364,19.5958,50,14.44,0,0,0,0,48.52,48.52,48.52,48.52,48.52,48.52,
365,19.593861,50,14.44,0,0,0,0,48.51,48.51,48.51,48.51,48.51,48.51,
366,19.646439,50,14.44,0,0,0,0,48.5,48.5,48.5,48.5,48.5,48.5,
367,19.6456,50,14.44,0,0,0,0,48.5,48.5,48.5,48.5,48.5,48.5,
368,19.619811,50,14.44,0,0,0,0,48.49,48.49,48.49,48.49,48.49,48.49,
369,19.583689,50,14.44,0,0,0,0,48.49,48.49,48.49,48.49,48.49,48.49,
370,19.606656,50,14.44,0,0,0,0,48.48,48.48,48.48,48.48,48.48,48.48,
371,19.614239,50,14.44,0,0,0,0,48.47,48.47,48.47,48.47,48.47,48.47,
372,19.5743,50,14.44,0,0,0,0,48.47,48.47,48.47,48.47,48.47,48.47,
373,19.616994,50,14.44,0,0,0,0,48.46,48.46,48.46,48.46,48.46,48.46,
374,19.644,50,14.44,0,0,0,0,48.46,48.46,48.46,48.46,48.46,48.46,
375,19.67865,50,14.44,0,0,0,0,48.45,48.45,48.45,48.45,48.45,48.45,
376,19.65385,50,14.44,0,0,0,0,48.45,48.45,48.45,48.45,48.45,48.45,
377,19.632022,50,14.44,0,0,0,0,48.44,48.44,48.44,48.44,48.44,48.44,
378,19.611739,50,14.44,0,0,0,0,48.43,48.43,48.43,48.43,48.43,48.43,
379,19.600772,50,14.44,0,0,0,0,48.43,48.43,48.43,48.43,48.43,48.43,
380,19.617883,50,14.44,0,0,0,0,48.42,48.42,48.42,48.42,48.42,48.42,
381,19.678839,50,14.44,0,0,0,0,48.42,48.42,48.42,48.42,48.42,48.42,
382,19.62205,50,14.44,0,0,0,0,48.41,48.41,48.41,48.41,48.41,48.41,
383,19.572089,50,14.44,0,0,0,0,48.4,48.4,48.4,48.4,48.4,48.4,
384,19.56425,50,14.44,0,0,0,0,48.4,48.4,48.4,48.4,48.4,48.4,
385,19.584233,50,14.44,0,0,0,0,48.39,48.39,48.39,48.39,48.39,48.39,
386,19.5765,50,14.44,0,0,0,0,48.39,48.39,48.39,48.39,48.39,48.39,
387,19.581211,50,14.44,0,0,0,0,48.38,48.38,48.38,48.38,48.38,48.38,
388,19.611711,50,14.44,0,0,0,0,48.38,48.38,48.38,48.38,48.38,48.38,
389,19.676278,50,14.44,0,0,0,0,48.37,48.37,48.37,48.37,48.37,48.37,
390,19.715489,50,14.44,0,0,0,0,48.36,48.36,48.36,48.36,48.36,48.36,
391,19.674778,50,14.44,0,0,0,0,48.36,48.36,48.36,48.36,48.36,48.36,
392,19.639483,50,14.44,0,0,0,0,48.35,48.35,48.35,48.35,48.35,48.35,
393,19.646172,50,14.44,0,0,0,0,48.35,48.35,48.35,48.35,48.35,48.35,
394,19.659411,50,14.44,0,0,0,0,48.34,48.34,48.34,48.34,48.34,48.34,
395,19.62035,50,14.44,0,0,0,0,48.34,48.34,48.34,48.34,48.34,48.34,
396,19.64275,50,14.44,0,0,0,0,48.33,48.33,48.33,48.33,48.33,48.33,
397,19.636489,50,14.44,0,0,0,0,48.32,48.32,48.32,48.32,48.32,48.32,
398,19.647278,50,14.44,0,0,0,0,48.32,48.32,48.32,48.32,48.32,48.32,
399,19.632511,50,14.44,0,0,0,0,48.31,48.31,48.31,48.31,48.31,48.31,
400,19.618728,50,14.44,0,0,0,0,48.31,48.31,48.31,48.31,48.31,48.31,
401,19.591561,50,14.44,0,0,0,0,48.3,48.3,48.3,48.3,48.3,48.3,
402,19.593239,50,14.44,0,0,0,0,48.29,48.29,48.29,48.29,48.29,48.29,
403,19.582822,50,14.44,0,0,0,0,48.29,48.29,48.29,48.29,48.29,48.29,
404,19.577611,50,14.44,0,0,0,0,48.28,48.28,48.28,48.28,48.28,48.28,
405,19.588,50,14.44,0,0,0,0,48.28,48.28,48.28,48.28,48.28,48.28,
406,19.586489,50,14.44,0,0,0,0,48.27,48.27,48.27,48.27,48.27,48.27,
407,19.6065,50,14.44,0,0,0,0,48.27,48.27,48.27,48.27,48.27,48.27,
408,19.64705,50,14.44,0,0,0,0,48.26,48.26,48.26,48.26,48.26,48.26,
409,19.709539,50,14.44,0,0,0,0,48.25,48.25,48.25,48.25,48.25,48.25,
410,19.685689,50,14.44,0,0,0,0,48.25,48.25,48.25,48.25,48.25,48.25,
411,19.642139,50,14.44,0,0,0,0,48.24,48.24,48.24,48.24,48.24,48.24,
412,19.637872,50,14.44,0,0,0,0,48.24,48.24,48.24,48.24,48.24,48.24,
413,19.654411,50,14.44,0,0,0,0,48.23,48.23,48.23,48.23,48.23,48.23,
414,19.642711,50,14.44,0,0,0,0,48.23,48.23,48.23,48.23,48.23,48.23,
415,19.622339,50,14.44,0,0,0,0,48.22,48.22,48.22,48.22,48.22,48.22,
416,19.676161,50,14.44,0,0,0,0,48.21,48.21,48.21,48.21,48.21,48.21,
417,19.627056,50,14.44,0,0,0,0,48.21,48.21,48.21,48.21,48.21,48.21,
418,19.646611,50,14.44,0,0,0,0,48.2,48.2,48.2,48.2,48.2,48.2,
419,19.635972,50,14.44,0,0,0,0,48.2,48.2,48.2,48.2,48.2,48.2,
420,19.6429,50,14.44,0,0,0,0,48.19,48.19,48.19,48.19,48.19,48.19,
421,19.650178,50,14.44,0,0,0,0,48.19,48.19,48.19,48.19,48.19,48.19,
422,19.670683,50,14.44,0,0,0,0,48.18,48.18,48.18,48.18,48.18,48.18,
423,19.640272,50,14.44,0,0,0,0,48.17,48.17,48.17,48.17,48.17,48.17,
424,19.619111,50,14.44,0,0,0,0,48.17,48.17,48.17,48.17,48.17,48.17,
425,19.610289,50,14.44,0,0,0,0,48.16,48.16,48.16,48.16,48.16,48.16,
426,19.600117,50,14.44,0,0,0,0,48.16,48.16,48.16,48.16,48.16,48.16,
427,19.544528,50,14.44,0,0,0,0,48.15,48.15,48.15,48.15,48.15,48.15,
428,19.5481,50,14.44,0,0,0,0,48.15,48.15,48.15,48.15,48.15,48.15,
429,19.612828,50,14.44,0,0,0,0,48.14,48.14,48.14,48.14,48.14,48.14,
430,19.71335,50,14.44,0,0,0,0,48.13,48.13,48.13,48.13,48.13,48.13,
431,19.691739,50,14.44,0,0,0,0,48.13,48.13,48.13,48.13,48.13,48.13,
432,19.655522,50,14.44,0,0,0,0,48.12,48.12,48.12,48.12,48.12,48.12,
433,19.651061,50,14.44,0,0,0,0,48.12,48.12,48.12,48.12,48.12,48.12,
434,19.632339,50,14.44,0,0,0,0,48.11,48.11,48.11,48.11,48.11,48.11,
435,19.6224,50,14.44,0,0,0,0,48.1,48.1,48.1,48.1,48.1,48.1,
436,19.602839,50,14.44,0,0,0,0,48.1,48.1,48.1,48.1,48.1,48.1,
437,19.605339,50,14.44,0,0,0,0,48.09,48.09,48.09,48.09,48.09,48.09,
438,19.629989,50,14.44,0,0,0,0,48.09,48.09,48.09,48.09,48.09,48.09,
439,19.660911,50,14.44,0,0,0,0,48.08,48.08,48.08,48.08,48.08,48.08,
440,19.647989,50,14.44,0,0,0,0,48.08,48.08,48.08,48.08,48.08,48.08,
441,19.625967,50,14.44,0,0,0,0,48.07,48.07,48.07,48.07,48.07,48.07,
442,19.598667,50,14.44,0,0,0,0,48.06,48.06,48.06,48.06,48.06,48.06,
443,19.606283,50,14.44,0,0,0,0,48.06,48.06,48.06,48.06,48.06,48.06,
444,19.624233,50,14.44,0,0,0,0,48.05,48.05,48.05,48.05,48.05,48.05,
445,19.6423,50,14.44,0,0,0,0,48.05,48.05,48.05,48.05,48.05,48.05,
446,19.614222,50,14.44,0,0,0,0,48.04,48.04,48.04,48.04,48.04,48.04,
447,19.656022,50,14.44,0,0,0,0,48.04,48.04,48.04,48.04,48.04,48.04,
448,19.599889,50,14.44,0,0,0,0,48.03,48.03,48.03,48.03,48.03,48.03,
449,19.578639,50,14.44,0,0,0,0,48.02,48.02,48.02,48.02,48.02,48.02,
450,19.575661,50,14.44,0,0,0,0,48.02,48.02,48.02,48.02,48.02,48.02,
451,19.533411,50,14.44,0,0,0,0,48.01,48.01,48.01,48.01,48.01,48.01,
452,19.561361,50,14.44,0,0,0,0,48.01,48.01,48.01,48.01,48.01,48.01,
453,19.565422,50,14.44,0,0,0,0,48,48,48,48,48,48,
454,19.573417,50,14.44,0,0,0,0,48,48,48,48,48,48,
455,19.609928,50,14.44,0,0,0,0,47.99,47.99,47.99,47.99,47.99,47.99,
456,19.616522,50,14.44,0,0,0,0,47.98,47.98,47.98,47.98,47.98,47.98,
457,19.704361,50,14.44,0,0,0,0,47.98,47.98,47.98,47.98,47.98,47.98,
458,19.701511,50,14.44,0,0,0,0,47.97,47.97,47.97,47.97,47.97,47.97,
459,19.639861,50,14.44,0,0,0,0,47.97,47.97,47.97,47.97,47.97,47.97,
460,19.645672,50,14.44,0,0,0,0,47.96,47.96,47.96,47.96,47.96,47.96,
461,19.599522,50,14.44,0,0,0,0,47.96,47.96,47.96,47.96,47.96,47.96,
462,19.633583,50,14.44,0,0,0,0,47.95,47.95,47.95,47.95,47.95,47.95,
463,19.615294,50,14.44,0,0,0,0,47.94,47.94,47.94,47.94,47.94,47.94,
464,19.699828,50,14.44,0,0,0,0,47.94,47.94,47.94,47.94,47.94,47.94,
465,19.651961,50,14.44,0,0,0,0,47.93,47.93,47.93,47.93,47.93,47.93,
466,19.611578,50,14.44,0,0,0,0,47.93,47.93,47.93,47.93,47.93,47.93,
467,19.642794,50,14.44,0,0,0,0,47.92,47.92,47.92,47.92,47.92,47.92,
468,19.62475,50,14.44,0,0,0,0,47.92,47.92,47.92,47.92,47.92,47.92,
469,19.62185,50,14.44,0,0,0,0,47.91,47.91,47.91,47.91,47.91,47.91,
470,19.618172,50,14.44,0,0,0,0,47.9,47.9,47.9,47.9,47.9,47.9,
471,19.640183,50,14.44,0,0,0,0,47.9,47.9,47.9,47.9,47.9,47.9,
472,19.599578,50,14.44,0,0,0,0,47.89,47.89,47.89,47.89,47.89,47.89,
473,19.629278,50,14.44,0,0,0,0,47.89,47.89,47.89,47.89,47.89,47.89,
474,19.663728,50,14.44,0,0,0,0,47.88,47.88,47.88,47.88,47.88,47.88,
475,19.633339,50,14.44,0,0,0,0,47.88,47.88,47.88,47.88,47.88,47.88,
476,19.664489,50,14.44,0,0,0,0,47.87,47.87,47.87,47.87,47.87,47.87,
477,19.6049,50,14.44,0,0,0,0,47.87,47.87,47.87,47.87,47.87,47.87,
478,19.65105,50,14.44,0,0,0,0,47.86,47.86,47.86,47.86,47.86,47.86,
479,19.647772,50,14.44,0,0,0,0,47.85,47.85,47.85,47.85,47.85,47.85,
480,19.65955,50,14.44,0,0,0,0,47.85,47.85,47.85,47.85,47.85,47.85,
481,19.626522,50,14.44,0,0,0,0,47.84,47.84,47.84,47.84,47.84,47.84,
482,19.619628,50,14.44,0,0,0,0,47.84,47.84,47.84,47.84,47.84,47.84,
483,19.640483,50,14.44,0,0,0,0,47.83,47.83,47.83,47.83,47.83,47.83,
484,19.638939,50,14.44,0,0,0,0,47.83,47.83,47.83,47.83,47.83,47.83,
485,19.617978,50,14.44,0,0,0,0,47.82,47.82,47.82,47.82,47.82,47.82,
486,19.523517,50,14.44,0,0,0,0,47.81,47.81,47.81,47.81,47.81,47.81,
487,19.5269,50,14.44,0,0,0,0,47.81,47.81,47.81,47.81,47.81,47.81,
488,19.59225,50,14.44,0,0,0,0,47.8,47.8,47.8,47.8,47.8,47.8,
489,19.6255,50,14.44,0,0,0,0,47.8,47.8,47.8,47.8,47.8,47.8,
490,19.653289,50,14.44,0,0,0,0,47.79,47.79,47.79,47.79,47.79,47.79,
491,19.615883,50,14.44,0,0,0,0,47.79,47.79,47.79,47.79,47.79,47.79,
492,19.544411,50,14.44,0,0,0,0,47.78,47.78,47.78,47.78,47.78,47.78,
493,19.502239,50,14.44,0,0,0,0,47.77,47.77,47.77,47.77,47.77,47.77,
494,19.53665,50,14.44,0,0,0,0,47.77,47.77,47.77,47.77,47.77,47.77,
495,19.6015,50,14.44,0,0,0,0,47.76,47.76,47.76,47.76,47.76,47.76,
496,19.546361,50,14.44,0,0,0,0,47.76,47.76,47.76,47.76,47.76,47.76,
497,19.52955,50,14.44,0,0,0,0,47.75,47.75,47.75,47.75,47.75,47.75,
498,19.560817,50,14.44,0,0,0,0,47.75,47.75,47.75,47.75,47.75,47.75,
499,19.573889,50,14.44,0,0,0,0,47.74,47.74,47.74,47.74,47.74,47.74,
500,19.5995,50,14.44,0,0,0,0,47.73,47.73,47.73,47.73,47.73,47.73,
501,19.57865,50,14.44,0,0,0,0,47.73,47.73,47.73,47.73,47.73,47.73,
502,19.63035,50,14.44,0,0,0,0,47.72,47.72,47.72,47.72,47.72,47.72,
503,19.619639,50,14.44,0,0,0,0,47.72,47.72,47.72,47.72,47.72,47.72,
504,19.628272,50,14.44,0,0,0,0,47.71,47.71,47.71,47.71,47.71,47.71,
505,19.650478,50,14.44,0,0,0,0,47.71,47.71,47.71,47.71,47.71,47.71,
506,19.617817,50,14.44,0,0,0,0,47.7,47.7,47.7,47.7,47.7,47.7,
507,19.660678,50,14.44,0,0,0,0,47.69,47.69,47.69,47.69,47.69,47.69,
508,19.687411,50,14.44,0,0,0,0,47.69,47.69,47.69,47.69,47.69,47.69,
509,19.666822,50,14.44,0,0,0,0,47.68,47.68,47.68,47.68,47.68,47.68,
510,19.640878,50,14.44,0,0,0,0,47.68,47.68,47.68,47.68,47.68,47.68,
511,19.664839,50,14.44,0,0,0,0,47.67,47.67,47.67,47.67,47.67,47.67,
512,19.671722,50,14.44,0,0,0,0,47.67,47.67,47.67,47.67,47.67,47.67,
513,19.631411,50,14.44,0,0,0,0,47.66,47.66,47.66,47.66,47.66,47.66,
514,19.617117,50,14.44,0,0,0,0,47.66,47.66,47.66,47.66,47.66,47.66,
515,19.585989,50,14.44,0,0,0,0,47.65,47.65,47.65,47.65,47.65,47.65,
516,19.601528,50,14.44,0,0,0,0,47.64,47.64,47.64,47.64,47.64,47.64,
517,19.652767,50,14.44,0,0,0,0,47.64,47.64,47.64,47.64,47.64,47.64,
518,19.653128,50,14.44,0,0,0,0,47.63,47.63,47.63,47.63,47.63,47.63,
519,19.642439,50,14.44,0,0,0,0,47.63,47.63,47.63,47.63,47.63,47.63,
520,19.637122,50,14.44,0,0,0,0,47.62,47.62,47.62,47.62,47.62,47.62,
521,19.617511,50,14.44,0,0,0,0,47.62,47.62,47.62,47.62,47.62,47.62,
522,19.611967,50,14.44,0,0,0,0,47.61,47.61,47.61,47.61,47.61,47.61,
523,19.640139,50,14.44,0,0,0,0,47.6,47.6,47.6,47.6,47.6,47.6,
524,19.644489,50,14.44,0,0,0,0,47.6,47.6,47.6,47.6,47.6,47.6,
525,19.613772,50,14.44,0,0,0,0,47.59,47.59,47.59,47.59,47.59,47.59,
526,19.590139,50,14.44,0,0,0,0,47.59,47.59,47.59,47.59,47.59,47.59,
527,19.604272,50,14.44,0,0,0,0,47.58,47.58,47.58,47.58,47.58,47.58,
528,19.610561,50,14.44,0,0,0,0,47.58,47.58,47.58,47.58,47.58,47.58,
529,19.526761,50,14.44,0,0,0,0,47.57,47.57,47.57,47.57,47.57,47.57,
530,19.517522,50,14.44,0,0,0,0,47.57,47.57,47.57,47.57,47.57,47.57,
531,19.518161,50,14.44,0,0,0,0,47.56,47.56,47.56,47.56,47.56,47.56,
532,19.528822,50,14.44,0,0,0,0,47.55,47.55,47.55,47.55,47.55,47.55,
533,19.548972,50,14.44,0,0,0,0,47.55,47.55,47.55,47.55,47.55,47.55,
534,19.607389,50,14.44,0,0,0,0,47.54,47.54,47.54,47.54,47.54,47.54,
535,19.617178,50,14.44,0,0,0,0,47.54,47.54,47.54,47.54,47.54,47.54,
536,19.580922,50,14.44,0,0,0,0,47.53,47.53,47.53,47.53,47.53,47.53,
537,19.641628,50,14.44,0,0,0,0,47.53,47.53,47.53,47.53,47.53,47.53,
538,19.621317,50,14.44,0,0,0,0,47.52,47.52,47.52,47.52,47.52,47.52,
539,19.628589,50,14.44,0,0,0,0,47.51,47.51,47.51,47.51,47.51,47.51,
540,19.650739,50,14.44,0,0,0,0,47.51,47.51,47.51,47.51,47.51,47.51,
541,19.621656,50,14.44,0,0,0,0,47.5,47.5,47.5,47.5,47.5,47.5,
542,19.608483,50,14.44,0,0,0,0,47.5,47.5,47.5,47.5,47.5,47.5,
543,19.622894,50,14.44,0,0,0,0,47.49,47.49,47.49,47.49,47.49,47.49,
544,19.677833,50,14.44,0,0,0,0,47.49,47.49,47.49,47.49,47.49,47.49,
545,19.661089,50,14.44,0,0,0,0,47.48,47.48,47.48,47.48,47.48,47.48,
546,19.640844,50,14.44,0,0,0,0,47.48,47.48,47.48,47.48,47.48,47.48,
547,19.679672,50,14.44,0,0,0,0,47.47,47.47,47.47,47.47,47.47,47.47,
548,19.63785,50,14.44,0,0,0,0,47.46,47.46,47.46,47.46,47.46,47.46,
549,19.624422,50,14.44,0,0,0,0,47.46,47.46,47.46,47.46,47.46,47.46,
550,19.640711,50,14.44,0,0,0,0,47.45,47.45,47.45,47.45,47.45,47.45,
551,19.64865,50,14.44,0,0,0,0,47.45,47.45,47.45,47.45,47.45,47.45,
552,19.642639,50,14.44,0,0,0,0,47.44,47.44,47.44,47.44,47.44,47.44,
553,19.657311,50,14.44,0,0,0,0,47.44,47.44,47.44,47.44,47.44,47.44,
554,19.631728,50,14.44,0,0,0,0,47.43,47.43,47.43,47.43,47.43,47.43,
555,19.6243,50,14.44,0,0,0,0,47.42,47.42,47.42,47.42,47.42,47.42,
556,19.656578,50,14.44,0,0,0,0,47.42,47.42,47.42,47.42,47.42,47.42,
557,19.6426,50,14.44,0,0,0,0,47.41,47.41,47.41,47.41,47.41,47.41,
558,19.6528,50,14.44,0,0,0,0,47.41,47.41,47.41,47.41,47.41,47.41,
559,19.628633,50,14.44,0,0,0,0,47.4,47.4,47.4,47.4,47.4,47.4,
560,19.647206,50,14.44,0,0,0,0,47.4,47.4,47.4,47.4,47.4,47.4,
561,19.648622,50,14.44,0,0,0,0,47.39,47.39,47.39,47.39,47.39,47.39,
562,19.649989,50,14.44,0,0,0,0,47.39,47.39,47.39,47.39,47.39,47.39,
563,19.623172,50,14.44,0,0,0,0,47.38,47.38,47.38,47.38,47.38,47.38,
564,19.618383,50,14.44,0,0,0,0,47.37,47.37,47.37,47.37,47.37,47.37,
565,19.621011,50,14.44,0,0,0,0,47.37,47.37,47.37,47.37,47.37,47.37,
566,19.638211,50,14.44,0,0,0,0,47.36,47.36,47.36,47.36,47.36,47.36,
567,19.611578,50,14.44,0,0,0,0,47.36,47.36,47.36,47.36,47.36,47.36,
568,19.629489,50,14.44,0,0,0,0,47.35,47.35,47.35,47.35,47.35,47.35,
569,19.644367,50,14.44,0,0,0,0,47.35,47.35,47.35,47.35,47.35,47.35,
570,19.672111,50,14.44,0,0,0,0,47.34,47.34,47.34,47.34,47.34,47.34,
571,19.65545,50,14.44,0,0,0,0,47.34,47.34,47.34,47.34,47.34,47.34,
572,19.663567,50,14.44,0,0,0,0,47.33,47.33,47.33,47.33,47.33,47.33,
573,19.657911,50,14.44,0,0,0,0,47.32,47.32,47.32,47.32,47.32,47.32,
574,19.639967,50,14.44,0,0,0,0,47.32,47.32,47.32,47.32,47.32,47.32,
575,19.619878,50,14.44,0,0,0,0,47.31,47.31,47.31,47.31,47.31,47.31,
576,19.636078,50,14.44,0,0,0,0,47.31,47.31,47.31,47.31,47.31,47.31,
577,19.631117,50,14.44,0,0,0,0,47.3,47.3,47.3,47.3,47.3,47.3,
578,19.61025,50,14.44,0,0,0,0,47.3,47.3,47.3,47.3,47.3,47.3,
579,19.656811,50,14.44,0,0,0,0,47.29,47.29,47.29,47.29,47.29,47.29,
580,19.65665,50,14.44,0,0,0,0,47.29,47.29,47.29,47.29,47.29,47.29,
581,19.61265,50,14.44,0,0,0,0,47.28,47.28,47.28,47.28,47.28,47.28,
582,19.633511,50,14.44,0,0,0,0,47.27,47.27,47.27,47.27,47.27,47.27,
583,19.6235,50,14.44,0,0,0,0,47.27,47.27,47.27,47.27,47.27,47.27,
584,19.574422,50,14.44,0,0,0,0,47.26,47.26,47.26,47.26,47.26,47.26,
585,19.624078,50,14.44,0,0,0,0,47.26,47.26,47.26,47.26,47.26,47.26,
586,19.587044,50,14.44,0,0,0,0,47.25,47.25,47.25,47.25,47.25,47.25,
587,19.528,50,14.44,0,0,0,0,47.25,47.25,47.25,47.25,47.25,47.25,
588,19.51835,50,14.44,0,0,0,0,47.24,47.24,47.24,47.24,47.24,47.24,
589,19.598022,50,14.44,0,0,0,0,47.23,47.23,47.23,47.23,47.23,47.23,
590,19.6583,50,14.44,0,0,0,0,47.23,47.23,47.23,47.23,47.23,47.23,
591,19.631772,50,14.44,0,0,0,0,47.22,47.22,47.22,47.22,47.22,47.22,
592,19.614111,50,14.44,0,0,0,0,47.22,47.22,47.22,47.22,47.22,47.22,
593,19.657589,50,14.44,0,0,0,0,47.21,47.21,47.21,47.21,47.21,47.21,
594,19.666122,50,14.44,0,0,0,0,47.21,47.21,47.21,47.21,47.21,47.21,
595,19.639017,50,14.44,0,0,0,0,47.2,47.2,47.2,47.2,47.2,47.2,
596,19.621678,50,14.44,0,0,0,0,47.2,47.2,47.2,47.2,47.2,47.2,
597,19.604661,50,14.44,0,0,0,0,47.19,47.19,47.19,47.19,47.19,47.19,
598,19.638939,50,14.44,0,0,0,0,47.18,47.18,47.18,47.18,47.18,47.18,
599,19.609733,50,14.44,0,0,0,0,47.18,47.18,47.18,47.18,47.18,47.18,
600,19.606811,50,14.44,0,0,0,0,47.17,47.17,47.17,47.17,47.17,47.17,
601,19.637894,50,14.44,0,0,0,0,47.17,47.17,47.17,47.17,47.17,47.17,
602,19.598717,50,14.44,0,0,0,0,47.16,47.16,47.16,47.16,47.16,47.16,
603,19.5786,50,14.44,0,0,0,0,47.16,47.16,47.16,47.16,47.16,47.16,
604,19.616461,50,14.44,0,0,0,0,47.15,47.15,47.15,47.15,47.15,47.15,
605,19.67555,50,14.44,0,0,0,0,47.15,47.15,47.15,47.15,47.15,47.15,
606,19.675139,50,14.44,0,0,0,0,47.14,47.14,47.14,47.14,47.14,47.14,
607,19.660589,50,14.44,0,0,0,0,47.14,47.14,47.14,47.14,47.14,47.14,
608,19.650922,50,14.44,0,0,0,0,47.13,47.13,47.13,47.13,47.13,47.13,
609,19.616761,50,14.44,0,0,0,0,47.12,47.12,47.12,47.12,47.12,47.12,
610,19.610061,50,14.44,0,0,0,0,47.12,47.12,47.12,47.12,47.12,47.12,
611,19.618189,50,14.44,0,0,0,0,47.11,47.11,47.11,47.11,47.11,47.11,
612,19.655483,50,14.44,0,0,0,0,47.11,47.11,47.11,47.11,47.11,47.11,
613,19.648583,50,14.44,0,0,0,0,47.1,47.1,47.1,47.1,47.1,47.1,
614,19.626078,50,14.44,0,0,0,0,47.1,47.1,47.1,47.1,47.1,47.1,
615,19.627361,50,14.44,0,0,0,0,47.09,47.09,47.09,47.09,47.09,47.09,
616,19.625522,50,14.44,0,0,0,0,47.09,47.09,47.09,47.09,47.09,47.09,
617,19.615028,50,14.44,0,0,0,0,47.08,47.08,47.08,47.08,47.08,47.08,
618,19.630922,50,14.44,0,0,0,0,47.07,47.07,47.07,47.07,47.07,47.07,
619,19.624589,50,14.44,0,0,0,0,47.07,47.07,47.07,47.07,47.07,47.07,
620,19.623178,50,14.44,0,0,0,0,47.06,47.06,47.06,47.06,47.06,47.06,
621,19.611844,50,14.44,0,0,0,0,47.06,47.06,47.06,47.06,47.06,47.06,
622,19.596689,50,14.44,0,0,0,0,47.05,47.05,47.05,47.05,47.05,47.05,
623,19.621789,50,14.44,0,0,0,0,47.05,47.05,47.05,47.05,47.05,47.05,
624,19.683467,50,14.44,0,0,0,0,47.04,47.04,47.04,47.04,47.04,47.04,
625,19.676533,50,14.44,0,0,0,0,47.04,47.04,47.04,47.04,47.04,47.04,
626,19.60285,50,14.44,0,0,0,0,47.03,47.03,47.03,47.03,47.03,47.03,
627,19.576489,50,14.44,0,0,0,0,47.02,47.02,47.02,47.02,47.02,47.02,
628,19.621739,50,14.44,0,0,0,0,47.02,47.02,47.02,47.02,47.02,47.02,
629,19.644061,50,14.44,0,0,0,0,47.01,47.01,47.01,47.01,47.01,47.01,
630,19.624189,50,14.44,0,0,0,0,47.01,47.01,47.01,47.01,47.01,47.01,
631,19.664428,50,14.44,1.135529,0,0,0,46.4,46.4,46.4,46.4,46.4,46.4,43.15
632,19.626622,50,14.44,2.900964,0,0,0,44.94,44.94,44.94,44.94,44.94,44.94,41.75
633,19.638967,50,14.44,3.037466,0,57.15,143.07,44.09,44.09,44.09,44.09,44.09,44.09,40.44
634,19.609283,50,14.44,3.047073,0,56,137.92,43.25,43.25,43.25,43.25,43.25,43.25,39.71
635,19.629972,50,14.44,3.038756,0,54.89,133.32,42.43,42.43,42.43,42.43,42.43,42.43,38.99
636,19.614544,50,14.44,1.774029,0,54.55,131.82,42.18,42.18,42.18,42.18,42.18,42.18,38.84
637,19.606567,50,14.44,0,0,55.32,135,42.75,42.75,42.75,42.75,42.75,42.75,
638,19.662333,50,14.44,0,0,56.12,138.73,43.33,43.33,43.33,43.33,43.33,43.33,
639,19.64885,50,14.44,0,0,56.92,142.14,43.92,43.92,43.92,43.92,43.92,43.92,
640,19.611311,50,14.44,0,0,57.74,145.51,44.53,44.53,44.53,44.53,44.53,44.53,
641,19.574222,50,14.44,0,0,58.58,148.99,45.15,45.15,45.15,45.15,45.15,45.15,
642,19.577783,50,14.44,0,0,59.45,152.9,45.78,45.78,45.78,45.78,45.78,45.78,
643,19.624389,50,14.44,0,0,60.36,157.3,46.44,46.44,46.44,46.44,46.44,46.44,
644,19.642461,50,14.44,0,0,61.28,161.65,47.11,47.11,47.11,47.11,47.11,47.11,
645,19.613361,50,14.44,0,0,62.21,165.82,47.81,47.81,47.81,47.81,47.81,47.81,
646,19.622539,50,14.44,0,0,63.18,170.46,48.52,48.52,48.52,48.52,48.52,48.52,
647,19.55305,50,14.44,0,0,64.16,174.63,49.24,49.24,49.24,49.24,49.24,49.24,
648,19.551939,50,14.44,0,0,65.17,179.54,49.99,49.99,49.99,49.99,49.99,49.99,
649,19.539361,50,14.44,0,0,1.08,3.02,50,50,50,50,50,50,
650,19.530522,50,14.44,0,0,0,0,49.99,49.99,49.99,49.99,49.99,49.99,
651,19.584167,50,14.44,0,0,0,0,49.99,49.99,49.99,49.99,49.99,49.99,
652,19.620011,50,14.44,0,0,0,0,49.98,49.98,49.98,49.98,49.98,49.98,
653,19.668739,50,14.44,0,0,0,0,49.98,49.98,49.98,49.98,49.98,49.98,
654,19.6183,50,14.44,0,0,0,0,49.97,49.97,49.97,49.97,49.97,49.97,
655,19.607228,50,14.44,0,0,0,0,49.96,49.96,49.96,49.96,49.96,49.96,
656,19.565311,50,14.44,0,0,0,0,49.96,49.96,49.96,49.96,49.96,49.96,
657,19.565339,50,14.44,0,0,0,0,49.95,49.95,49.95,49.95,49.95,49.95,
658,19.59265,50,14.44,0,0,0,0,49.94,49.94,49.94,49.94,49.94,49.94,
659,19.604367,50,14.44,0,0,0,0,49.94,49.94,49.94,49.94,49.94,49.94,
660,19.576428,50,14.44,0,0,0,0,49.93,49.93,49.93,49.93,49.93,49.93,
661,19.566461,50,14.44,0,0,0,0,49.93,49.93,49.93,49.93,49.93,49.93,
662,19.562222,50,14.44,0,0,0,0,49.92,49.92,49.92,49.92,49.92,49.92,
663,19.549972,50,14.44,0,0,0,0,49.91,49.91,49.91,49.91,49.91,49.91,
664,19.53475,50,14.44,0,0,0,0,49.91,49.91,49.91,49.91,49.91,49.91,
665,19.544739,50,14.44,0,0,0,0,49.9,49.9,49.9,49.9,49.9,49.9,
666,19.527278,50,14.44,0,0,0,0,49.9,49.9,49.9,49.9,49.9,49.9,
667,19.553622,50,14.44,0,0,0,0,49.89,49.89,49.89,49.89,49.89,49.89,
668,19.579822,50,14.44,0,0,0,0,49.88,49.88,49.88,49.88,49.88,49.88,
669,19.580878,50,14.44,0,0,0,0,49.88,49.88,49.88,49.88,49.88,49.88,
670,19.736211,50,14.44,0,0,0,0,49.87,49.87,49.87,49.87,49.87,49.87,
671,19.731022,50,14.44,0,0,0,0,49.87,49.87,49.87,49.87,49.87,49.87,
672,19.759744,50,14.44,0,0,0,0,49.86,49.86,49.86,49.86,49.86,49.86,
673,19.725844,50,14.44,0,0,0,0,49.85,49.85,49.85,49.85,49.85,49.85,
674,19.720089,50,14.44,0,0,0,0,49.85,49.85,49.85,49.85,49.85,49.85,
675,19.7015,50,14.44,0,0,0,0,49.84,49.84,49.84,49.84,49.84,49.84,
676,19.659789,50,14.44,0,0,0,0,49.84,49.84,49.84,49.84,49.84,49.84,
677,19.614189,50,14.44,0,0,0,0,49.83,49.83,49.83,49.83,49.83,49.83,
678,19.633589,50,14.44,0,0,0,0,49.82,49.82,49.82,49.82,49.82,49.82,
679,19.645561,50,14.44,0,0,0,0,49.82,49.82,49.82,49.82,49.82,49.82,
680,19.692156,50,14.44,0,0,0,0,49.81,49.81,49.81,49.81,49.81,49.81,
681,19.698878,50,14.44,0,0,0,0,49.8,49.8,49.8,49.8,49.8,49.8,
682,19.6911,50,14.44,0,0,0,0,49.8,49.8,49.8,49.8,49.8,49.8,
683,19.678289,50,14.44,0,0,0,0,49.79,49.79,49.79,49.79,49.79,49.79,
684,19.711483,50,14.44,0,0,0,0,49.79,49.79,49.79,49.79,49.79,49.79,
685,19.755261,50,14.44,0,0,0,0,49.78,49.78,49.78,49.78,49.78,49.78,
686,19.7144,50,14.44,0,0,0,0,49.77,49.77,49.77,49.77,49.77,49.77,
687,19.691472,50,14.44,0,0,0,0,49.77,49.77,49.77,49.77,49.77,49.77,
688,19.709967,50,14.44,0,0,0,0,49.76,49.76,49.76,49.76,49.76,49.76,
689,19.698411,50,14.44,0,0,0,0,49.76,49.76,49.76,49.76,49.76,49.76,
690,19.699561,50,14.44,0,0,0,0,49.75,49.75,49.75,49.75,49.75,49.75,
691,19.658822,50,14.44,0.650344,0,0,0,49.37,49.37,49.37,49.37,49.37,49.37,45.84
692,19.673522,50,14.44,1.643273,0,0,0,48.44,48.44,48.44,48.44,48.44,48.44,44.95
693,19.646111,50,14.44,1.710679,0,0,0,47.5,47.5,47.5,47.5,47.5,47.5,44.11
694,19.66235,50,14.44,0.912343,0,0,0,47.01,47.01,47.01,47.01,47.01,47.01,43.71
695,19.6196,50,14.44,0,0,0,0,47,47,47,47,47,47,
696,19.613089,50,14.44,0,0,0,0,47,47,47,47,47,47,
697,19.6495,50,14.44,0,0,0,0,46.99,46.99,46.99,46.99,46.99,46.99,
698,19.738761,50,14.44,0,0,0,0,46.98,46.98,46.98,46.98,46.98,46.98,
699,19.689522,50,14.44,0,0,0,0,46.98,46.98,46.98,46.98,46.98,46.98,
700,19.657228,50,14.44,0,0,0,0,46.97,46.97,46.97,46.97,46.97,46.97,
701,19.58805,50,14.44,0,0,0,0,46.97,46.97,46.97,46.97,46.97,46.97,
702,19.584639,50,14.44,0,0,0,0,46.96,46.96,46.96,46.96,46.96,46.96,
703,19.606283,50,14.44,0,0,0,0,46.96,46.96,46.96,46.96,46.96,46.96,
704,19.640217,50,14.44,0,0,0,0,46.95,46.95,46.95,46.95,46.95,46.95,
705,19.636578,50,14.44,0,0,0,0,46.95,46.95,46.95,46.95,46.95,46.95,
706,19.636822,50,14.44,0,0,0,0,46.94,46.94,46.94,46.94,46.94,46.94,
707,19.606761,50,14.44,0,0,0,0,46.93,46.93,46.93,46.93,46.93,46.93,
708,19.62665,50,14.44,0,0,0,0,46.93,46.93,46.93,46.93,46.93,46.93,
709,19.595783,50,14.44,0,0,0,0,46.92,46.92,46.92,46.92,46.92,46.92,
710,19.593461,50,14.44,0,0,0,0,46.92,46.92,46.92,46.92,46.92,46.92,
711,19.560472,50,14.44,0,0,0,0,46.91,46.91,46.91,46.91,46.91,46.91,
712,19.560728,50,14.44,0,0,0,0,46.91,46.91,46.91,46.91,46.91,46.91,
713,19.6123,50,14.44,0,0,0,0,46.9,46.9,46.9,46.9,46.9,46.9,
714,19.5923,50,14.44,0,0,0,0,46.9,46.9,46.9,46.9,46.9,46.9,
715,19.55435,50,14.44,0,0,0,0,46.89,46.89,46.89,46.89,46.89,46.89,
716,19.5351,50,14.44,0,0,0,0,46.89,46.89,46.89,46.89,46.89,46.89,
717,19.5153,50,14.44,0,0,0,0,46.88,46.88,46.88,46.88,46.88,46.88,
718,19.607511,50,14.44,0,0,0,0,46.87,46.87,46.87,46.87,46.87,46.87,
719,19.616739,50,14.44,0,0,0,0,46.87,46.87,46.87,46.87,46.87,46.87,
720,19.651172,50,14.44,0,0,0,0,46.86,46.86,46.86,46.86,46.86,46.86,
721,19.6683,50,14.44,0.42551,0,0,0,46.63,46.63,46.63,46.63,46.63,46.63,43.39
722,19.616022,50,14.44,0.530875,0,0,0,46.35,46.35,46.35,46.35,46.35,46.35,43.13
723,19.584433,50,14.44,0,0,0,0,46.34,46.34,46.34,46.34,46.34,46.34,
724,19.577378,50,14.44,0,0,0,0,46.34,46.34,46.34,46.34,46.34,46.34,
725,19.587928,50,14.44,0,0,0,0,46.33,46.33,46.33,46.33,46.33,46.33,
726,19.643972,50,14.44,0,0,0,0,46.32,46.32,46.32,46.32,46.32,46.32,
727,19.651144,50,14.44,0,0,0,0,46.32,46.32,46.32,46.32,46.32,46.32,
728,19.610411,50,14.44,0,0,0,0,46.31,46.31,46.31,46.31,46.31,46.31,
729,19.611311,50,14.44,0,0,0,0,46.31,46.31,46.31,46.31,46.31,46.31,
730,19.643978,50,14.44,0,0,0,0,46.3,46.3,46.3,46.3,46.3,46.3,
731,19.649711,50,14.44,0,0,0,0,46.3,46.3,46.3,46.3,46.3,46.3,
732,19.61425,50,14.44,0,0,0,0,46.29,46.29,46.29,46.29,46.29,46.29,
733,19.571939,50,14.44,0,0,0,0,46.29,46.29,46.29,46.29,46.29,46.29,
734,19.589061,50,14.44,0,0,0,0,46.28,46.28,46.28,46.28,46.28,46.28,
735,19.572522,50,14.44,0,0,0,0,46.28,46.28,46.28,46.28,46.28,46.28,
736,19.595811,50,14.44,0,0,0,0,46.27,46.27,46.27,46.27,46.27,46.27,
737,19.616,50,14.44,0,0,0,0,46.27,46.27,46.27,46.27,46.27,46.27,
738,19.650961,50,14.44,0,0,0,0,46.26,46.26,46.26,46.26,46.26,46.26,
739,19.637828,50,14.44,0,0,0,0,46.25,46.25,46.25,46.25,46.25,46.25,
740,19.590172,50,14.44,0,0,0,0,46.25,46.25,46.25,46.25,46.25,46.25,
741,19.642328,50,14.44,0,0,0,0,46.24,46.24,46.24,46.24,46.24,46.24,
742,19.652572,50,14.44,0,0,0,0,46.24,46.24,46.24,46.24,46.24,46.24,
743,19.634161,50,14.44,0,0,0,0,46.23,46.23,46.23,46.23,46.23,46.23,
744,19.619689,50,14.44,0,0,0,0,46.23,46.23,46.23,46.23,46.23,46.23,
745,19.600411,50,14.44,0,0,0,0,46.22,46.22,46.22,46.22,46.22,46.22,
746,19.629294,50,14.44,0,0,0,0,46.22,46.22,46.22,46.22,46.22,46.22,
747,19.624672,50,14.44,0,0,0,0,46.21,46.21,46.21,46.21,46.21,46.21,
748,19.588133,50,14.44,0,0,0,0,46.21,46.21,46.21,46.21,46.21,46.21,
749,19.604561,50,14.44,0,0,0,0,46.2,46.2,46.2,46.2,46.2,46.2,
750,19.608739,50,14.44,0,0,0,0,46.2,46.2,46.2,46.2,46.2,46.2,
751,19.589422,50,14.44,0,0,0,0,46.19,46.19,46.19,46.19,46.19,46.19,
752,19.604928,50,14.44,0,0,0,0,46.18,46.18,46.18,46.18,46.18,46.18,
753,19.598411,50,14.44,0,0,0,0,46.18,46.18,46.18,46.18,46.18,46.18,
754,19.537739,50,14.44,0,0,0,0,46.17,46.17,46.17,46.17,46.17,46.17,
755,19.501328,50,14.44,0,0,0,0,46.17,46.17,46.17,46.17,46.17,46.17,
756,19.524283,50,14.44,0,0,0,0,46.16,46.16,46.16,46.16,46.16,46.16,
757,19.530778,50,14.44,0,0,0,0,46.16,46.16,46.16,46.16,46.16,46.16,
758,19.5856,50,14.44,0,0,0,0,46.15,46.15,46.15,46.15,46.15,46.15,
759,19.581283,50,14.44,0,0,0,0,46.15,46.15,46.15,46.15,46.15,46.15,
760,19.573928,50,14.44,0,0,0,0,46.14,46.14,46.14,46.14,46.14,46.14,
761,19.546472,50,14.44,0,0,0,0,46.14,46.14,46.14,46.14,46.14,46.14,
762,19.571111,50,14.44,0,0,0,0,46.13,46.13,46.13,46.13,46.13,46.13,
763,19.56505,50,14.44,0,0,0,0,46.13,46.13,46.13,46.13,46.13,46.13,
764,19.56045,50,14.44,0,0,0,0,46.12,46.12,46.12,46.12,46.12,46.12,
765,19.5912,50,14.44,0,0,0,0,46.12,46.12,46.12,46.12,46.12,46.12,
766,19.619661,50,14.44,0.377184,0,0,0,45.91,45.91,45.91,45.91,45.91,45.91,42.75
767,19.562378,50,14.44,0.565621,0,0,0,45.62,45.62,45.62,45.62,45.62,45.62,42.47
768,19.561028,50,14.44,0,0,0,0,45.61,45.61,45.61,45.61,45.61,45.61,
769,19.532439,50,14.44,0,0,0,0,45.61,45.61,45.61,45.61,45.61,45.61,
770,19.548978,50,14.44,0,0,0,0,45.6,45.6,45.6,45.6,45.6,45.6,
771,19.63335,50,14.44,0.416167,0,0,0,45.38,45.38,45.38,45.38,45.38,45.38,42.27
772,19.555622,50,14.44,0.564915,0,0,0,45.09,45.09,45.09,45.09,45.09,45.09,42
773,19.570622,50,14.44,0,0,0,0,45.09,45.09,45.09,45.09,45.09,45.09,
774,19.654489,50,14.44,0,0,0,0,45.08,45.08,45.08,45.08,45.08,45.08,
775,19.758839,50,14.44,0,0,0,0,45.08,45.08,45.08,45.08,45.08,45.08,
776,19.691989,50,14.44,0,0,0,0,45.07,45.07,45.07,45.07,45.07,45.07,
777,19.558139,50,14.44,0,0,0,0,45.07,45.07,45.07,45.07,45.07,45.07,
778,19.507228,50,14.44,0,0,0,0,45.06,45.06,45.06,45.06,45.06,45.06,
779,19.57615,50,14.44,0,0,0,0,45.06,45.06,45.06,45.06,45.06,45.06,
780,19.614528,50,14.44,0,0,0,0,45.05,45.05,45.05,45.05,45.05,45.05,
781,19.642039,50,14.44,0,0,0,0,45.05,45.05,45.05,45.05,45.05,45.05,
782,19.64385,50,14.44,0,0,0,0,45.04,45.04,45.04,45.04,45.04,45.04,
783,19.632761,50,14.44,0,0,0,0,45.04,45.04,45.04,45.04,45.04,45.04,
784,19.631883,50,14.44,0,0,0,0,45.03,45.03,45.03,45.03,45.03,45.03,
785,19.65555,50,14.44,0,0,0,0,45.03,45.03,45.03,45.03,45.03,45.03,
786,19.5882,50,14.44,0,0,0,0,45.02,45.02,45.02,45.02,45.02,45.02,
787,19.5617,50,14.44,0,0,0,0,45.01,45.01,45.01,45.01,45.01,45.01,
788,19.636372,50,14.44,0,0,0,0,45.01,45.01,45.01,45.01,45.01,45.01,
789,19.701989,50,14.44,0,0,0,0,45,45,45,45,45,45,
790,19.734817,50,14.44,0,0,0,0,45,45,45,45,45,45,
791,19.692239,50,14.44,0,0,0,0,44.99,44.99,44.99,44.99,44.99,44.99,
792,19.560361,50,14.44,0,0,0,0,44.99,44.99,44.99,44.99,44.99,44.99,
793,19.585739,50,14.44,0,0,0,0,44.98,44.98,44.98,44.98,44.98,44.98,
794,19.644328,50,14.44,0,0,0,0,44.98,44.98,44.98,44.98,44.98,44.98,
795,19.602428,50,14.44,0,0,0,0,44.97,44.97,44.97,44.97,44.97,44.97,
796,19.589889,50,14.44,0,0,0,0,44.97,44.97,44.97,44.97,44.97,44.97,
797,19.659333,50,14.44,0,0,0,0,44.96,44.96,44.96,44.96,44.96,44.96,
798,19.616833,50,14.44,0,0,0,0,44.96,44.96,44.96,44.96,44.96,44.96,
799,19.612211,50,14.44,0,0,0,0,44.95,44.95,44.95,44.95,44.95,44.95,
800,19.614478,50,14.44,0,0,0,0,44.95,44.95,44.95,44.95,44.95,44.95,
801,19.595711,50,14.44,0,0,0,0,44.94,44.94,44.94,44.94,44.94,44.94,
802,19.63345,50,14.44,0,0,0,0,44.94,44.94,44.94,44.94,44.94,44.94,
803,19.6304,50,14.44,0,0,0,0,44.93,44.93,44.93,44.93,44.93,44.93,
804,19.6026,50,14.44,0,0,0,0,44.93,44.93,44.93,44.93,44.93,44.93,
805,19.598483,50,14.44,0,0,0,0,44.92,44.92,44.92,44.92,44.92,44.92,
806,19.594717,50,14.44,0,0,0,0,44.92,44.92,44.92,44.92,44.92,44.92,
807,19.62915,50,14.44,0,0,0,0,44.91,44.91,44.91,44.91,44.91,44.91,
808,19.584322,50,14.44,0,0,0,0,44.91,44.91,44.91,44.91,44.91,44.91,
809,19.599122,50,14.44,0,0,0,0,44.9,44.9,44.9,44.9,44.9,44.9,
810,19.680911,50,14.44,0,0,0,0,44.9,44.9,44.9,44.9,44.9,44.9,
811,19.6425,50,14.44,0,0,0,0,44.89,44.89,44.89,44.89,44.89,44.89,
812,19.609261,50,14.44,0,0,0,0,44.89,44.89,44.89,44.89,44.89,44.89,
813,19.641389,50,14.44,0,0,0,0,44.88,44.88,44.88,44.88,44.88,44.88,
814,19.5975,50,14.44,0,0,0,0,44.88,44.88,44.88,44.88,44.88,44.88,
815,19.6188,50,14.44,0,0,0,0,44.87,44.87,44.87,44.87,44.87,44.87,
816,19.664822,50,14.44,0,0,0,0,44.87,44.87,44.87,44.87,44.87,44.87,
817,19.713828,50,14.44,0,0,0,0,44.86,44.86,44.86,44.86,44.86,44.86,
818,19.734211,50,14.44,0,0,0,0,44.86,44.86,44.86,44.86,44.86,44.86,
819,19.6893,50,14.44,0,0,0,0,44.85,44.85,44.85,44.85,44.85,44.85,
820,19.657633,50,14.44,0,0,0,0,44.85,44.85,44.85,44.85,44.85,44.85,
821,19.660567,50,14.44,0,0,0,0,44.84,44.84,44.84,44.84,44.84,44.84,
822,19.664478,50,14.44,0,0,0,0,44.84,44.84,44.84,44.84,44.84,44.84,
823,19.663378,50,14.44,0,0,0,0,44.83,44.83,44.83,44.83,44.83,44.83,
824,19.6754,50,14.44,0,0,0,0,44.83,44.83,44.83,44.83,44.83,44.83,
825,19.6797,50,14.44,0,0,0,0,44.82,44.82,44.82,44.82,44.82,44.82,
826,19.623311,50,14.44,0,0,0,0,44.82,44.82,44.82,44.82,44.82,44.82,
827,19.6767,50,14.44,0,0,0,0,44.81,44.81,44.81,44.81,44.81,44.81,
828,19.67195,50,14.44,0,0,0,0,44.81,44.81,44.81,44.81,44.81,44.81,
829,19.644367,50,14.44,0,0,0,0,44.8,44.8,44.8,44.8,44.8,44.8,
830,19.682239,50,14.44,0,0,0,0,44.8,44.8,44.8,44.8,44.8,44.8,
831,19.615611,50,14.44,0,0,0,0,44.79,44.79,44.79,44.79,44.79,44.79,
832,19.601383,50,14.44,0,0,0,0,44.79,44.79,44.79,44.79,44.79,44.79,
833,19.604722,50,14.44,0,0,0,0,44.78,44.78,44.78,44.78,44.78,44.78,
834,19.674911,50,14.44,0,0,0,0,44.78,44.78,44.78,44.78,44.78,44.78,
835,19.680189,50,14.44,0,0,0,0,44.77,44.77,44.77,44.77,44.77,44.77,
836,19.611278,50,14.44,0,0,0,0,44.77,44.77,44.77,44.77,44.77,44.77,
837,19.596861,50,14.44,0,0,0,0,44.76,44.76,44.76,44.76,44.76,44.76,
838,19.591889,50,14.44,0,0,0,0,44.76,44.76,44.76,44.76,44.76,44.76,
839,19.641272,50,14.44,0,0,0,0,44.75,44.75,44.75,44.75,44.75,44.75,
840,19.683233,50,14.44,0,0,0,0,44.75,44.75,44.75,44.75,44.75,44.75,
841,19.630489,50,14.44,0,0,0,0,44.74,44.74,44.74,44.74,44.74,44.74,
842,19.61555,50,14.44,0,0,0,0,44.74,44.74,44.74,44.74,44.74,44.74,
843,19.579061,50,14.44,0,0,0,0,44.73,44.73,44.73,44.73,44.73,44.73,
844,19.582217,50,14.44,0,0,0,0,44.73,44.73,44.73,44.73,44.73,44.73,
845,19.553122,50,14.44,0,0,0,0,44.72,44.72,44.72,44.72,44.72,44.72,
846,19.571544,50,14.44,0,0,0,0,44.72,44.72,44.72,44.72,44.72,44.72,
847,19.538011,50,14.44,0,0,0,0,44.71,44.71,44.71,44.71,44.71,44.71,
848,19.5732,50,14.44,0,0,0,0,44.7,44.7,44.7,44.7,44.7,44.7,
849,19.601961,50,14.44,0,0,0,0,44.7,44.7,44.7,44.7,44.7,44.7,
850,19.572167,50,14.44,0,0,0,0,44.69,44.69,44.69,44.69,44.69,44.69,
851,19.571722,50,14.44,0,0,0,0,44.69,44.69,44.69,44.69,44.69,44.69,
852,19.593439,50,14.44,0,0,0,0,44.68,44.68,44.68,44.68,44.68,44.68,
853,19.609461,50,14.44,0,0,0,0,44.68,44.68,44.68,44.68,44.68,44.68,
854,19.587739,50,14.44,0,0,0,0,44.67,44.67,44.67,44.67,44.67,44.67,
855,19.587839,50,14.44,0,0,0,0,44.67,44.67,44.67,44.67,44.67,44.67,
856,19.602189,50,14.44,0,0,0,0,44.66,44.66,44.66,44.66,44.66,44.66,
857,19.62125,50,14.44,0,0,0,0,44.66,44.66,44.66,44.66,44.66,44.66,
858,19.64605,50,14.44,0,0,0,0,44.65,44.65,44.65,44.65,44.65,44.65,
859,19.692289,50,14.44,0,0,0,0,44.65,44.65,44.65,44.65,44.65,44.65,
860,19.731411,50,14.44,0,0,0,0,44.64,44.64,44.64,44.64,44.64,44.64,
861,19.709761,50,14.44,0,0,0,0,44.64,44.64,44.64,44.64,44.64,44.64,
862,19.573678,50,14.44,0,0,0,0,44.63,44.63,44.63,44.63,44.63,44.63,
863,19.526761,50,14.44,0,0,0,0,44.63,44.63,44.63,44.63,44.63,44.63,
864,19.529167,50,14.44,0,0,0,0,44.62,44.62,44.62,44.62,44.62,44.62,
865,19.567389,50,14.44,0,0,0,0,44.62,44.62,44.62,44.62,44.62,44.62,
866,19.582128,50,14.44,0,0,0,0,44.61,44.61,44.61,44.61,44.61,44.61,
867,19.573778,50,14.44,0,0,0,0,44.61,44.61,44.61,44.61,44.61,44.61,
868,19.598528,50,14.44,0,0,0,0,44.6,44.6,44.6,44.6,44.6,44.6,
869,19.630228,50,14.44,0,0,0,0,44.6,44.6,44.6,44.6,44.6,44.6,
870,19.599861,50,14.44,0,0,0,0,44.59,44.59,44.59,44.59,44.59,44.59,
871,19.570378,50,14.44,0,0,0,0,44.59,44.59,44.59,44.59,44.59,44.59,
872,19.5744,50,14.44,0,0,0,0,44.58,44.58,44.58,44.58,44.58,44.58,
873,19.600578,50,14.44,0,0,0,0,44.58,44.58,44.58,44.58,44.58,44.58,
874,19.627872,50,14.44,0,0,0,0,44.57,44.57,44.57,44.57,44.57,44.57,
875,19.619478,50,14.44,0,0,0,0,44.57,44.57,44.57,44.57,44.57,44.57,
876,19.623967,50,14.44,0,0,0,0,44.56,44.56,44.56,44.56,44.56,44.56,
877,19.611061,50,14.44,0,0,0,0,44.56,44.56,44.56,44.56,44.56,44.56,
878,19.627211,50,14.44,0,0,0,0,44.55,44.55,44.55,44.55,44.55,44.55,
879,19.6493,50,14.44,0,0,0,0,44.55,44.55,44.55,44.55,44.55,44.55,
880,19.621122,50,14.44,0,0,0,0,44.54,44.54,44.54,44.54,44.54,44.54,
881,19.637939,50,14.44,0,0,0,0,44.54,44.54,44.54,44.54,44.54,44.54,
882,19.641211,50,14.44,0,0,0,0,44.53,44.53,44.53,44.53,44.53,44.53,
883,19.647589,50,14.44,0,0,0,0,44.53,44.53,44.53,44.53,44.53,44.53,
884,19.620767,50,14.44,0,0,0,0,44.52,44.52,44.52,44.52,44.52,44.52,
885,19.630889,50,14.44,0,0,0,0,44.52,44.52,44.52,44.52,44.52,44.52,
886,19.641939,50,14.44,0,0,0,0,44.51,44.51,44.51,44.51,44.51,44.51,
887,19.627,50,14.44,0,0,0,0,44.51,44.51,44.51,44.51,44.51,44.51,
888,19.641622,50,14.44,0,0,0,0,44.5,44.5,44.5,44.5,44.5,44.5,
889,19.635783,50,14.44,0,0,0,0,44.5,44.5,44.5,44.5,44.5,44.5,
890,19.600578,50,14.44,0,0,0,0,44.49,44.49,44.49,44.49,44.49,44.49,
891,19.607228,50,14.44,0,0,0,0,44.49,44.49,44.49,44.49,44.49,44.49,
892,19.626878,50,14.44,0,0,0,0,44.48,44.48,44.48,44.48,44.48,44.48,
893,19.623739,50,14.44,0,0,0,0,44.48,44.48,44.48,44.48,44.48,44.48,
894,19.643889,50,14.44,0,0,0,0,44.47,44.47,44.47,44.47,44.47,44.47,
895,19.646861,50,14.44,0,0,0,0,44.47,44.47,44.47,44.47,44.47,44.47,
896,19.649533,50,14.44,0,0,0,0,44.46,44.46,44.46,44.46,44.46,44.46,
897,19.644611,50,14.44,0,0,0,0,44.46,44.46,44.46,44.46,44.46,44.46,
898,19.655939,50,14.44,0,0,0,0,44.45,44.45,44.45,44.45,44.45,44.45,
899,19.6172,50,14.44,0,0,0,0,44.45,44.45,44.45,44.45,44.45,44.45,
900,19.628011,50,14.44,0,0,0,0,44.44,44.44,44.44,44.44,44.44,44.44,
901,19.637561,50,14.44,0,0,0,0,44.44,44.44,44.44,44.44,44.44,44.44,
902,19.59765,50,14.44,0,0,0,0,44.43,44.43,44.43,44.43,44.43,44.43,
903,19.544489,50,14.44,0,0,0,0,44.43,44.43,44.43,44.43,44.43,44.43,
904,19.546728,50,14.44,0,0,0,0,44.42,44.42,44.42,44.42,44.42,44.42,
905,19.53795,50,14.44,0,0,0,0,44.42,44.42,44.42,44.42,44.42,44.42,
906,19.622861,50,14.44,0,0,0,0,44.41,44.41,44.41,44.41,44.41,44.41,
907,19.682022,50,14.44,0,0,0,0,44.41,44.41,44.41,44.41,44.41,44.41,
908,19.6351,50,14.44,0,0,0,0,44.4,44.4,44.4,44.4,44.4,44.4,
909,19.616367,50,14.44,0,0,0,0,44.4,44.4,44.4,44.4,44.4,44.4,
910,19.598667,50,14.44,0,0,0,0,44.39,44.39,44.39,44.39,44.39,44.39,
911,19.594578,50,14.44,0,0,0,0,44.39,44.39,44.39,44.39,44.39,44.39,
912,19.646089,50,14.44,0,0,0,0,44.38,44.38,44.38,44.38,44.38,44.38,
913,19.631939,50,14.44,0,0,0,0,44.38,44.38,44.38,44.38,44.38,44.38,
914,19.624239,50,14.44,0,0,0,0,44.37,44.37,44.37,44.37,44.37,44.37,
915,19.607789,50,14.44,0,0,0,0,44.37,44.37,44.37,44.37,44.37,44.37,
916,19.6089,50,14.44,0,0,0,0,44.36,44.36,44.36,44.36,44.36,44.36,
917,19.666561,50,14.44,0,0,0,0,44.36,44.36,44.36,44.36,44.36,44.36,
918,19.607311,50,14.44,0,0,0,0,44.35,44.35,44.35,44.35,44.35,44.35,
919,19.58395,50,14.44,0,0,0,0,44.35,44.35,44.35,44.35,44.35,44.35,
920,19.5801,50,14.44,0,0,0,0,44.34,44.34,44.34,44.34,44.34,44.34,
921,19.592989,50,14.44,0,0,0,0,44.34,44.34,44.34,44.34,44.34,44.34,
922,19.629683,50,14.44,0,0,0,0,44.33,44.33,44.33,44.33,44.33,44.33,
923,19.579111,50,14.44,0,0,0,0,44.33,44.33,44.33,44.33,44.33,44.33,
924,19.53845,50,14.44,0,0,0,0,44.32,44.32,44.32,44.32,44.32,44.32,
925,19.561011,50,14.44,0,0,0,0,44.32,44.32,44.32,44.32,44.32,44.32,
926,19.580422,50,14.44,0,0,0,0,44.31,44.31,44.31,44.31,44.31,44.31,
927,19.554528,50,14.44,0,0,0,0,44.31,44.31,44.31,44.31,44.31,44.31,
928,19.599417,50,14.44,0,0,0,0,44.3,44.3,44.3,44.3,44.3,44.3,
929,19.547511,50,14.44,0,0,0,0,44.3,44.3,44.3,44.3,44.3,44.3,
930,19.552989,50,14.44,0,0,0,0,44.29,44.29,44.29,44.29,44.29,44.29,
931,19.581267,50,14.44,0,0,0,0,44.29,44.29,44.29,44.29,44.29,44.29,
932,19.60865,50,14.44,0,0,0,0,44.28,44.28,44.28,44.28,44.28,44.28,
933,19.706261,50,14.44,0,0,0,0,44.28,44.28,44.28,44.28,44.28,44.28,
934,19.633978,50,14.44,0,0,0,0,44.27,44.27,44.27,44.27,44.27,44.27,
935,19.593989,50,14.44,0,0,0,0,44.27,44.27,44.27,44.27,44.27,44.27,
936,19.573472,50,14.44,0,0,0,0,44.26,44.26,44.26,44.26,44.26,44.26,
937,19.591389,50,14.44,0,0,0,0,44.26,44.26,44.26,44.26,44.26,44.26,
938,19.582461,50,14.44,0,0,0,0,44.25,44.25,44.25,44.25,44.25,44.25,
939,19.558278,50,14.44,0,0,0,0,44.25,44.25,44.25,44.25,44.25,44.25,
940,19.557883,50,14.44,0,0,0,0,44.24,44.24,44.24,44.24,44.24,44.24,
941,19.5571,50,14.44,0,0,0,0,44.24,44.24,44.24,44.24,44.24,44.24,
942,19.566467,50,14.44,0,0,0,0,44.23,44.23,44.23,44.23,44.23,44.23,
943,19.568389,50,14.44,0,0,0,0,44.23,44.23,44.23,44.23,44.23,44.23,
944,19.587167,50,14.44,0,0,0,0,44.22,44.22,44.22,44.22,44.22,44.22,
945,19.557667,50,14.44,0,0,0,0,44.22,44.22,44.22,44.22,44.22,44.22,
946,19.5508,50,14.44,0,0,0,0,44.21,44.21,44.21,44.21,44.21,44.21,
947,19.567928,50,14.44,0,0,0,0,44.21,44.21,44.21,44.21,44.21,44.21,
948,19.60795,50,14.44,0,0,0,0,44.2,44.2,44.2,44.2,44.2,44.2,
949,19.638983,50,14.44,0,0,0,0,44.2,44.2,44.2,44.2,44.2,44.2,
950,19.645817,50,14.44,0,0,0,0,44.19,44.19,44.19,44.19,44.19,44.19,
951,19.649111,50,14.44,0,0,0,0,44.19,44.19,44.19,44.19,44.19,44.19,
952,19.619489,50,14.44,0,0,0,0,44.18,44.18,44.18,44.18,44.18,44.18,
953,19.584056,50,14.44,0,0,0,0,44.18,44.18,44.18,44.18,44.18,44.18,
954,19.673789,50,14.44,0,0,0,0,44.17,44.17,44.17,44.17,44.17,44.17,
955,19.737928,50,14.44,0,0,0,0,44.17,44.17,44.17,44.17,44.17,44.17,
956,19.675083,50,14.44,0,0,0,0,44.16,44.16,44.16,44.16,44.16,44.16,
957,19.6336,50,14.44,0,0,0,0,44.16,44.16,44.16,44.16,44.16,44.16,
958,19.593511,50,14.44,0,0,0,0,44.16,44.16,44.16,44.16,44.16,44.16,
959,19.66735,50,14.44,0,0,0,0,44.15,44.15,44.15,44.15,44.15,44.15,
960,19.6932,50,14.44,0,0,0,0,44.15,44.15,44.15,44.15,44.15,44.15,
961,19.654772,50,14.44,0.430462,0,0,0,43.93,43.93,43.93,43.93,43.93,43.93,40.96
962,19.636689,50,14.44,0.997138,0,57.1,142.83,44.05,44.05,44.05,44.05,44.05,44.05,40.5
963,19.654878,50,14.44,0.512453,0,57.59,145.08,44.4,44.4,44.4,44.4,44.4,44.4,40.84
964,19.640572,50,14.44,0,0,58.43,148.72,45.02,45.02,45.02,45.02,45.02,45.02,
965,19.645811,50,14.44,0,0,59.3,152.64,45.66,45.66,45.66,45.66,45.66,45.66,
966,19.639683,50,14.44,0,0,60.19,156.62,46.31,46.31,46.31,46.31,46.31,46.31,
967,19.633639,50,14.44,0,0,61.1,160.77,46.98,46.98,46.98,46.98,46.98,46.98,
968,19.651489,50,14.44,0,0,62.04,165.27,47.67,47.67,47.67,47.67,47.67,47.67,
969,19.633089,50,14.44,0,0,63,169.67,48.38,48.38,48.38,48.38,48.38,48.38,
970,19.6467,50,14.44,0,0,64,174.51,49.11,49.11,49.11,49.11,49.11,49.11,
971,19.685072,50,14.44,0,0,65.03,179.77,49.86,49.86,49.86,49.86,49.86,49.86,
972,19.64815,50,14.44,0,0,12.55,35.08,50,50,50,50,50,50,
973,19.610989,50,14.44,0,0,0,0,49.99,49.99,49.99,49.99,49.99,49.99,
974,19.63495,50,14.44,0,0,0,0,49.99,49.99,49.99,49.99,49.99,49.99,
975,19.63505,50,14.44,0,0,0,0,49.98,49.98,49.98,49.98,49.98,49.98,
976,19.654128,50,14.44,0.404235,0,0,0,49.74,49.74,49.74,49.74,49.74,49.74,46.19
977,19.66585,50,14.44,0.961193,0,0,0,49.18,49.18,49.18,49.18,49.18,49.18,45.66
978,19.68385,50,14.44,0.602205,0,0,0,48.83,48.83,48.83,48.83,48.83,48.83,45.37
979,19.653961,50,14.44,0,0,0,0,48.83,48.83,48.83,48.83,48.83,48.83,
980,19.6352,50,14.44,0,0,0,0,48.82,48.82,48.82,48.82,48.82,48.82,
981,19.718317,50,14.44,0,0,0,0,48.82,48.82,48.82,48.82,48.82,48.82,
982,19.690767,50,14.44,0,0,0,0,48.81,48.81,48.81,48.81,48.81,48.81,
983,19.720972,50,14.44,0,0,0,0,48.8,48.8,48.8,48.8,48.8,48.8,
984,19.738106,50,14.44,0,0,0,0,48.8,48.8,48.8,48.8,48.8,48.8,
985,19.702661,50,14.44,0,0,0,0,48.79,48.79,48.79,48.79,48.79,48.79,
986,19.713139,50,14.44,0,0,0,0,48.79,48.79,48.79,48.79,48.79,48.79,
987,19.68615,50,14.44,0,0,0,0,48.78,48.78,48.78,48.78,48.78,48.78,
988,19.728561,50,14.44,0,0,0,0,48.78,48.78,48.78,48.78,48.78,48.78,
989,19.69325,50,14.44,0,0,0,0,48.77,48.77,48.77,48.77,48.77,48.77,
990,19.718067,50,14.44,0,0,0,0,48.76,48.76,48.76,48.76,48.76,48.76,
991,19.680089,50,14.44,0.723262,0,0,0,48.35,48.35,48.35,48.35,48.35,48.35,44.93
992,19.671078,50,14.44,1.23663,0,0,0,47.67,47.67,47.67,47.67,47.67,47.67,44.28
993,19.674089,50,14.44,0,0,0,0,47.66,47.66,47.66,47.66,47.66,47.66,
994,19.699078,50,14.44,0,0,0,0,47.66,47.66,47.66,47.66,47.66,47.66,
995,19.757383,50,14.44,0,0,0,0,47.65,47.65,47.65,47.65,47.65,47.65,
996,19.728861,50,14.44,0,0,0,0,47.65,47.65,47.65,47.65,47.65,47.65,
997,19.727228,50,14.44,0,0,0,0,47.64,47.64,47.64,47.64,47.64,47.64,
998,19.69275,50,14.44,0,0,0,0,47.63,47.63,47.63,47.63,47.63,47.63,
999,19.650628,50,14.44,0,0,0,0,47.63,47.63,47.63,47.63,47.63,47.63,
1000,19.696322,50,14.44,0,0,0,0,47.62,47.62,47.62,47.62,47.62,47.62,
1001,19.752322,50,14.44,0,0,0,0,47.62,47.62,47.62,47.62,47.62,47.62,
1002,19.770167,50,14.44,0,0,0,0,47.61,47.61,47.61,47.61,47.61,47.61,
1003,19.776656,50,14.44,0,0,0,0,47.61,47.61,47.61,47.61,47.61,47.61,
1004,19.744817,50,14.44,0,0,0,0,47.6,47.6,47.6,47.6,47.6,47.6,
1005,19.713028,50,14.44,0,0,0,0,47.6,47.6,47.6,47.6,47.6,47.6,
1006,19.705139,50,14.44,0.671088,0,0,0,47.23,47.23,47.23,47.23,47.23,47.23,43.92
1007,19.69225,50,14.44,1.251957,0,0,0,46.56,46.56,46.56,46.56,46.56,46.56,43.28
1008,19.7368,50,14.44,0,0,0,0,46.55,46.55,46.55,46.55,46.55,46.55,
1009,19.740939,50,14.44,0,0,0,0,46.55,46.55,46.55,46.55,46.55,46.55,
1010,19.69865,50,14.44,0,0,0,0,46.54,46.54,46.54,46.54,46.54,46.54,
1011,19.655961,50,14.44,0,0,0,0,46.54,46.54,46.54,46.54,46.54,46.54,
1012,19.66915,50,14.44,0,0,0,0,46.53,46.53,46.53,46.53,46.53,46.53,
1013,19.74665,50,14.44,0,0,0,0,46.52,46.52,46.52,46.52,46.52,46.52,
1014,19.780011,50,14.44,0,0,0,0,46.52,46.52,46.52,46.52,46.52,46.52,
1015,19.681983,50,14.44,0,0,0,0,46.51,46.51,46.51,46.51,46.51,46.51,
1016,19.691139,50,14.44,0,0,0,0,46.51,46.51,46.51,46.51,46.51,46.51,
1017,19.727828,50,14.44,0,0,0,0,46.5,46.5,46.5,46.5,46.5,46.5,
1018,19.6836,50,14.44,0,0,0,0,46.5,46.5,46.5,46.5,46.5,46.5,
1019,19.683839,50,14.44,0,0,0,0,46.49,46.49,46.49,46.49,46.49,46.49,
1020,19.6652,50,14.44,0,0,0,0,46.49,46.49,46.49,46.49,46.49,46.49,
1021,19.613,50,14.44,1.123675,0,0,0,45.9,45.9,45.9,45.9,45.9,45.9,42.7
1022,19.56625,50,14.44,2.932602,0,0,0,44.44,44.44,44.44,44.44,44.44,44.44,41.3
1023,19.573633,50,14.44,3.016118,0,56.48,139.81,43.61,43.61,43.61,43.61,43.61,43.61,40.03
1024,19.582322,50,14.44,3.007683,0,55.38,135.13,42.8,42.8,42.8,42.8,42.8,42.8,39.32
1025,19.602022,50,14.44,3.011581,0,54.3,130.7,42,42,42,42,42,42,38.62
1026,19.622828,50,14.44,0.802313,0,54.56,131.91,42.19,42.19,42.19,42.19,42.19,42.19,38.89
1027,19.651011,50,14.44,0,0,55.34,135.34,42.76,42.76,42.76,42.76,42.76,42.76,
1028,19.675522,50,14.44,0,0,56.14,138.88,43.34,43.34,43.34,43.34,43.34,43.34,
1029,19.629089,50,14.44,0,0,56.93,142.07,43.93,43.93,43.93,43.93,43.93,43.93,
1030,19.625217,50,14.44,0,0,57.76,145.66,44.54,44.54,44.54,44.54,44.54,44.54,
1031,19.633272,50,14.44,0,0,58.61,149.48,45.16,45.16,45.16,45.16,45.16,45.16,
1032,19.623578,50,14.44,0,0,59.48,153.32,45.8,45.8,45.8,45.8,45.8,45.8,
1033,19.613711,50,14.44,0,0,60.37,157.31,46.45,46.45,46.45,46.45,46.45,46.45,
1034,19.648567,50,14.44,0,0,61.3,161.79,47.13,47.13,47.13,47.13,47.13,47.13,
1035,19.639861,50,14.44,0,0,62.24,166.13,47.82,47.82,47.82,47.82,47.82,47.82,
1036,19.67075,50,14.44,0,0,63.22,170.96,48.53,48.53,48.53,48.53,48.53,48.53,
1037,19.729972,50,14.44,0,0,64.24,176.24,49.27,49.27,49.27,49.27,49.27,49.27,
1038,19.69995,50,14.44,0,0,63.14,175.14,50,50,50,50,50,50,
1039,19.6979,50,14.44,0,0,0,0,49.99,49.99,49.99,49.99,49.99,49.99,
1040,19.6941,50,14.44,0,0,0,0,49.99,49.99,49.99,49.99,49.99,49.99,
1041,19.691461,50,14.44,0,0,0,0,49.98,49.98,49.98,49.98,49.98,49.98,
1042,19.704489,50,14.44,0,0,0,0,49.98,49.98,49.98,49.98,49.98,49.98,
1043,19.679161,50,14.44,0,0,0,0,49.97,49.97,49.97,49.97,49.97,49.97,
1044,19.678083,50,14.44,0,0,0,0,49.96,49.96,49.96,49.96,49.96,49.96,
1045,19.70095,50,14.44,0,0,0,0,49.96,49.96,49.96,49.96,49.96,49.96,
1046,19.682489,50,14.44,0,0,0,0,49.95,49.95,49.95,49.95,49.95,49.95,
1047,19.6623,50,14.44,0,0,0,0,49.95,49.95,49.95,49.95,49.95,49.95,
1048,19.66805,50,14.44,0,0,0,0,49.94,49.94,49.94,49.94,49.94,49.94,
1049,19.68125,50,14.44,0,0,0,0,49.93,49.93,49.93,49.93,49.93,49.93,
1050,19.687589,50,14.44,0,0,0,0,49.93,49.93,49.93,49.93,49.93,49.93,
1051,19.600072,50,14.44,0,0,0,0,49.92,49.92,49.92,49.92,49.92,49.92,
1052,19.567639,50,14.44,0,0,0,0,49.91,49.91,49.91,49.91,49.91,49.91,
1053,19.625983,50,14.44,0,0,0,0,49.91,49.91,49.91,49.91,49.91,49.91,
1054,19.635,50,14.44,0,0,0,0,49.9,49.9,49.9,49.9,49.9,49.9,
1055,19.73115,50,14.44,0,0,0,0,49.9,49.9,49.9,49.9,49.9,49.9,
1056,19.713822,50,14.44,0,0,0,0,49.89,49.89,49.89,49.89,49.89,49.89,
1057,19.626461,50,14.44,0,0,0,0,49.88,49.88,49.88,49.88,49.88,49.88,
1058,19.655128,50,14.44,0,0,0,0,49.88,49.88,49.88,49.88,49.88,49.88,
1059,19.67835,50,14.44,0,0,0,0,49.87,49.87,49.87,49.87,49.87,49.87,
1060,19.66795,50,14.44,0,0,0,0,49.87,49.87,49.87,49.87,49.87,49.87,
1061,19.673611,50,14.44,0,0,0,0,49.86,49.86,49.86,49.86,49.86,49.86,
1062,19.685478,50,14.44,0,0,0,0,49.85,49.85,49.85,49.85,49.85,49.85,
1063,19.692333,50,14.44,0,0,0,0,49.85,49.85,49.85,49.85,49.85,49.85,
1064,19.690833,50,14.44,0,0,0,0,49.84,49.84,49.84,49.84,49.84,49.84,
1065,19.695322,50,14.44,0,0,0,0,49.84,49.84,49.84,49.84,49.84,49.84,
1066,19.708128,50,14.44,0,0,0,0,49.83,49.83,49.83,49.83,49.83,49.83,
1067,19.678156,50,14.44,0,0,0,0,49.82,49.82,49.82,49.82,49.82,49.82,
1068,19.591567,50,14.44,0,0,0,0,49.82,49.82,49.82,49.82,49.82,49.82,
1069,19.594039,50,14.44,0,0,0,0,49.81,49.81,49.81,49.81,49.81,49.81,
1070,19.615839,50,14.44,0,0,0,0,49.81,49.81,49.81,49.81,49.81,49.81,
1071,19.5995,50,14.44,0,0,0,0,49.8,49.8,49.8,49.8,49.8,49.8,
1072,19.608961,50,14.44,0,0,0,0,49.79,49.79,49.79,49.79,49.79,49.79,
1073,19.612039,50,14.44,0,0,0,0,49.79,49.79,49.79,49.79,49.79,49.79,
1074,19.620128,50,14.44,0,0,0,0,49.78,49.78,49.78,49.78,49.78,49.78,
1075,19.644222,50,14.44,0,0,0,0,49.77,49.77,49.77,49.77,49.77,49.77,
1076,19.653733,50,14.44,0,0,0,0,49.77,49.77,49.77,49.77,49.77,49.77,
1077,19.6597,50,14.44,0,0,0,0,49.76,49.76,49.76,49.76,49.76,49.76,
1078,19.682,50,14.44,0,0,0,0,49.76,49.76,49.76,49.76,49.76,49.76,
1079,19.663261,50,14.44,0,0,0,0,49.75,49.75,49.75,49.75,49.75,49.75,
1080,19.645472,50,14.44,0,0,0,0,49.74,49.74,49.74,49.74,49.74,49.74,
1081,19.6527,50,14.44,0,0,0,0,49.74,49.74,49.74,49.74,49.74,49.74,
1082,19.6322,50,14.44,0,0,0,0,49.73,49.73,49.73,49.73,49.73,49.73,
1083,19.688811,50,14.44,0,0,0,0,49.73,49.73,49.73,49.73,49.73,49.73,
1084,19.70125,50,14.44,0,0,0,0,49.72,49.72,49.72,49.72,49.72,49.72,
1085,19.647011,50,14.44,0,0,0,0,49.71,49.71,49.71,49.71,49.71,49.71,
1086,19.584161,50,14.44,0,0,0,0,49.71,49.71,49.71,49.71,49.71,49.71,
1087,19.601589,50,14.44,0,0,0,0,49.7,49.7,49.7,49.7,49.7,49.7,
1088,19.6334,50,14.44,0,0,0,0,49.7,49.7,49.7,49.7,49.7,49.7,
1089,19.609622,50,14.44,0,0,0,0,49.69,49.69,49.69,49.69,49.69,49.69,
1090,19.643461,50,14.44,0,0,0,0,49.68,49.68,49.68,49.68,49.68,49.68,
1091,19.685278,50,14.44,0,0,0,0,49.68,49.68,49.68,49.68,49.68,49.68,
1092,19.638283,50,14.44,0,0,0,0,49.67,49.67,49.67,49.67,49.67,49.67,
1093,19.622928,50,14.44,0,0,0,0,49.67,49.67,49.67,49.67,49.67,49.67,
1094,19.63025,50,14.44,0,0,0,0,49.66,49.66,49.66,49.66,49.66,49.66,
1095,19.62945,50,14.44,0,0,0,0,49.65,49.65,49.65,49.65,49.65,49.65,
1096,19.675133,50,14.44,0,0,0,0,49.65,49.65,49.65,49.65,49.65,49.65,
1097,19.62845,50,14.44,0,0,0,0,49.64,49.64,49.64,49.64,49.64,49.64,
1098,19.68245,50,14.44,0,0,0,0,49.64,49.64,49.64,49.64,49.64,49.64,
1099,19.678011,50,14.44,0,0,0,0,49.63,49.63,49.63,49.63,49.63,49.63,
1100,19.720878,50,14.44,0,0,0,0,49.62,49.62,49.62,49.62,49.62,49.62,
1101,19.670217,50,14.44,0,0,0,0,49.62,49.62,49.62,49.62,49.62,49.62,
1102,19.667539,50,14.44,0,0,0,0,49.61,49.61,49.61,49.61,49.61,49.61,
1103,19.63005,50,14.44,0,0,0,0,49.61,49.61,49.61,49.61,49.61,49.61,
1104,19.623578,50,14.44,0,0,0,0,49.6,49.6,49.6,49.6,49.6,49.6,
1105,19.667589,50,14.44,0,0,0,0,49.59,49.59,49.59,49.59,49.59,49.59,
1106,19.661567,50,14.44,0,0,0,0,49.59,49.59,49.59,49.59,49.59,49.59,
1107,19.629828,50,14.44,0,0,0,0,49.58,49.58,49.58,49.58,49.58,49.58,
1108,19.631883,50,14.44,0,0,0,0,49.58,49.58,49.58,49.58,49.58,49.58,
1109,19.6367,50,14.44,0,0,0,0,49.57,49.57,49.57,49.57,49.57,49.57,
1110,19.6568,50,14.44,0,0,0,0,49.56,49.56,49.56,49.56,49.56,49.56,
1111,19.638889,50,14.44,0,0,0,0,49.56,49.56,49.56,49.56,49.56,49.56,
1112,19.645889,50,14.44,0,0,0,0,49.55,49.55,49.55,49.55,49.55,49.55,
1113,19.661928,50,14.44,0,0,0,0,49.55,49.55,49.55,49.55,49.55,49.55,
1114,19.700572,50,14.44,0,0,0,0,49.54,49.54,49.54,49.54,49.54,49.54,
1115,19.65975,50,14.44,0,0,0,0,49.53,49.53,49.53,49.53,49.53,49.53,
1116,19.655572,50,14.44,0,0,0,0,49.53,49.53,49.53,49.53,49.53,49.53,
1117,19.5985,50,14.44,0,0,0,0,49.52,49.52,49.52,49.52,49.52,49.52,
1118,19.598578,50,14.44,0,0,0,0,49.51,49.51,49.51,49.51,49.51,49.51,
1119,19.571883,50,14.44,0,0,0,0,49.51,49.51,49.51,49.51,49.51,49.51,
1120,19.636539,50,14.44,0,0,0,0,49.5,49.5,49.5,49.5,49.5,49.5,
1121,19.633061,50,14.44,0,0,0,0,49.5,49.5,49.5,49.5,49.5,49.5,
1122,19.633472,50,14.44,0,0,0,0,49.49,49.49,49.49,49.49,49.49,49.49,
1123,19.597111,50,14.44,0,0,0,0,49.48,49.48,49.48,49.48,49.48,49.48,
1124,19.565511,50,14.44,0,0,0,0,49.48,49.48,49.48,49.48,49.48,49.48,
1125,19.595839,50,14.44,0,0,0,0,49.47,49.47,49.47,49.47,49.47,49.47,
1126,19.5956,50,14.44,0,0,0,0,49.47,49.47,49.47,49.47,49.47,49.47,
1127,19.587911,50,14.44,0,0,0,0,49.46,49.46,49.46,49.46,49.46,49.46,
1128,19.646067,50,14.44,0,0,0,0,49.45,49.45,49.45,49.45,49.45,49.45,
1129,19.634317,50,14.44,0,0,0,0,49.45,49.45,49.45,49.45,49.45,49.45,
1130,19.6668,50,14.44,0,0,0,0,49.44,49.44,49.44,49.44,49.44,49.44,
1131,19.664478,50,14.44,0,0,0,0,49.44,49.44,49.44,49.44,49.44,49.44,
1132,19.657139,50,14.44,0,0,0,0,49.43,49.43,49.43,49.43,49.43,49.43,
1133,19.63615,50,14.44,0,0,0,0,49.42,49.42,49.42,49.42,49.42,49.42,
1134,19.62895,50,14.44,0,0,0,0,49.42,49.42,49.42,49.42,49.42,49.42,
1135,19.645778,50,14.44,0,0,0,0,49.41,49.41,49.41,49.41,49.41,49.41,
1136,19.650722,50,14.44,0,0,0,0,49.41,49.41,49.41,49.41,49.41,49.41,
1137,19.628711,50,14.44,0,0,0,0,49.4,49.4,49.4,49.4,49.4,49.4,
1138,19.600711,50,14.44,0,0,0,0,49.39,49.39,49.39,49.39,49.39,49.39,
1139,19.618272,50,14.44,0,0,0,0,49.39,49.39,49.39,49.39,49.39,49.39,
1140,19.644028,50,14.44,0,0,0,0,49.38,49.38,49.38,49.38,49.38,49.38,
1141,19.62585,50,14.44,0,0,0,0,49.38,49.38,49.38,49.38,49.38,49.38,
1142,19.637267,50,14.44,0,0,0,0,49.37,49.37,49.37,49.37,49.37,49.37,
1143,19.616889,50,14.44,0,0,0,0,49.36,49.36,49.36,49.36,49.36,49.36,
1144,19.646589,50,14.44,0,0,0,0,49.36,49.36,49.36,49.36,49.36,49.36,
1145,19.612344,50,14.44,0,0,0,0,49.35,49.35,49.35,49.35,49.35,49.35,
1146,19.629839,50,14.44,0,0,0,0,49.35,49.35,49.35,49.35,49.35,49.35,
1147,19.633311,50,14.44,0,0,0,0,49.34,49.34,49.34,49.34,49.34,49.34,
1148,19.55055,50,14.44,0,0,0,0,49.33,49.33,49.33,49.33,49.33,49.33,
1149,19.56535,50,14.44,0,0,0,0,49.33,49.33,49.33,49.33,49.33,49.33,
1150,19.604367,50,14.44,0,0,0,0,49.32,49.32,49.32,49.32,49.32,49.32,
1151,19.633111,50,14.44,0,0,0,0,49.32,49.32,49.32,49.32,49.32,49.32,
1152,19.574011,50,14.44,0,0,0,0,49.31,49.31,49.31,49.31,49.31,49.31,
1153,19.579767,50,14.44,0,0,0,0,49.3,49.3,49.3,49.3,49.3,49.3,
1154,19.530633,50,14.44,0,0,0,0,49.3,49.3,49.3,49.3,49.3,49.3,
1155,19.523161,50,14.44,0,0,0,0,49.29,49.29,49.29,49.29,49.29,49.29,
1156,19.53,50,14.44,0,0,0,0,49.29,49.29,49.29,49.29,49.29,49.29,
1157,19.531639,50,14.44,0,0,0,0,49.28,49.28,49.28,49.28,49.28,49.28,
1158,19.561678,50,14.44,0,0,0,0,49.27,49.27,49.27,49.27,49.27,49.27,
1159,19.5354,50,14.44,0,0,0,0,49.27,49.27,49.27,49.27,49.27,49.27,
1160,19.536611,50,14.44,0,0,0,0,49.26,49.26,49.26,49.26,49.26,49.26,
1161,19.626,50,14.44,0,0,0,0,49.26,49.26,49.26,49.26,49.26,49.26,
1162,19.73055,50,14.44,0,0,0,0,49.25,49.25,49.25,49.25,49.25,49.25,
1163,19.717939,50,14.44,0,0,0,0,49.25,49.25,49.25,49.25,49.25,49.25,
1164,19.61365,50,14.44,0,0,0,0,49.24,49.24,49.24,49.24,49.24,49.24,
1165,19.594839,50,14.44,0,0,0,0,49.23,49.23,49.23,49.23,49.23,49.23,
1166,19.581378,50,14.44,0,0,0,0,49.23,49.23,49.23,49.23,49.23,49.23,
1167,19.5565,50,14.44,0,0,0,0,49.22,49.22,49.22,49.22,49.22,49.22,
1168,19.542961,50,14.44,0,0,0,0,49.22,49.22,49.22,49.22,49.22,49.22,
1169,19.573839,50,14.44,0,0,0,0,49.21,49.21,49.21,49.21,49.21,49.21,
1170,19.639683,50,14.44,0,0,0,0,49.2,49.2,49.2,49.2,49.2,49.2,
1171,19.626483,50,14.44,0,0,0,0,49.2,49.2,49.2,49.2,49.2,49.2,
1172,19.594011,50,14.44,0,0,0,0,49.19,49.19,49.19,49.19,49.19,49.19,
1173,19.634178,50,14.44,0,0,0,0,49.19,49.19,49.19,49.19,49.19,49.19,
1174,19.6321,50,14.44,0,0,0,0,49.18,49.18,49.18,49.18,49.18,49.18,
1175,19.640122,50,14.44,0,0,0,0,49.17,49.17,49.17,49.17,49.17,49.17,
1176,19.61305,50,14.44,0,0,0,0,49.17,49.17,49.17,49.17,49.17,49.17,
1177,19.654233,50,14.44,0,0,0,0,49.16,49.16,49.16,49.16,49.16,49.16,
1178,19.679128,50,14.44,0,0,0,0,49.16,49.16,49.16,49.16,49.16,49.16,
1179,19.699039,50,14.44,0,0,0,0,49.15,49.15,49.15,49.15,49.15,49.15,
1180,19.619211,50,14.44,0,0,0,0,49.14,49.14,49.14,49.14,49.14,49.14,
1181,19.61345,50,14.44,0,0,0,0,49.14,49.14,49.14,49.14,49.14,49.14,
1182,19.659439,50,14.44,0,0,0,0,49.13,49.13,49.13,49.13,49.13,49.13,
1183,19.606611,50,14.44,0,0,0,0,49.13,49.13,49.13,49.13,49.13,49.13,
1184,19.652289,50,14.44,0,0,0,0,49.12,49.12,49.12,49.12,49.12,49.12,
1185,19.649239,50,14.44,0,0,0,0,49.11,49.11,49.11,49.11,49.11,49.11,
1186,19.622328,50,14.44,0,0,0,0,49.11,49.11,49.11,49.11,49.11,49.11,
1187,19.6101,50,14.44,0,0,0,0,49.1,49.1,49.1,49.1,49.1,49.1,
1188,19.62245,50,14.44,0,0,0,0,49.1,49.1,49.1,49.1,49.1,49.1,
1189,19.618722,50,14.44,0,0,0,0,49.09,49.09,49.09,49.09,49.09,49.09,
1190,19.618739,50,14.44,0,0,0,0,49.08,49.08,49.08,49.08,49.08,49.08,
1191,19.635083,50,14.44,0,0,0,0,49.08,49.08,49.08,49.08,49.08,49.08,
1192,19.629589,50,14.44,0,0,0,0,49.07,49.07,49.07,49.07,49.07,49.07,
1193,19.655778,50,14.44,0,0,0,0,49.07,49.07,49.07,49.07,49.07,49.07,
1194,19.571867,50,14.44,0,0,0,0,49.06,49.06,49.06,49.06,49.06,49.06,
1195,19.631706,50,14.44,0,0,0,0,49.05,49.05,49.05,49.05,49.05,49.05,
1196,19.656222,50,14.44,0,0,0,0,49.05,49.05,49.05,49.05,49.05,49.05,
1197,19.640917,50,14.44,0,0,0,0,49.04,49.04,49.04,49.04,49.04,49.04,
1198,19.640278,50,14.44,0,0,0,0,49.04,49.04,49.04,49.04,49.04,49.04,
1199,19.593578,50,14.44,0,0,0,0,49.03,49.03,49.03,49.03,49.03,49.03,
1200,19.616528,50,14.44,0,0,0,0,49.03,49.03,49.03,49.03,49.03,49.03,
1201,19.578961,50,14.44,0,0,0,0,49.02,49.02,49.02,49.02,49.02,49.02,
1202,19.583306,50,14.44,0,0,0,0,49.01,49.01,49.01,49.01,49.01,49.01,
1203,19.620628,50,14.44,0,0,0,0,49.01,49.01,49.01,49.01,49.01,49.01,
1204,19.658006,50,14.44,0,0,0,0,49,49,49,49,49,49,
1205,19.595122,50,14.44,0,0,0,0,49,49,49,49,49,49,
1206,19.566922,50,14.44,0,0,0,0,48.99,48.99,48.99,48.99,48.99,48.99,
1207,19.579878,50,14.44,0,0,0,0,48.98,48.98,48.98,48.98,48.98,48.98,
1208,19.586328,50,14.44,0,0,0,0,48.98,48.98,48.98,48.98,48.98,48.98,
1209,19.607311,50,14.44,0,0,0,0,48.97,48.97,48.97,48.97,48.97,48.97,
1210,19.619961,50,14.44,0,0,0,0,48.97,48.97,48.97,48.97,48.97,48.97,
1211,19.65375,50,14.44,0,0,0,0,48.96,48.96,48.96,48.96,48.96,48.96,
1212,19.633,50,14.44,0,0,0,0,48.95,48.95,48.95,48.95,48.95,48.95,
1213,19.574522,50,14.44,0,0,0,0,48.95,48.95,48.95,48.95,48.95,48.95,
1214,19.617922,50,14.44,0,0,0,0,48.94,48.94,48.94,48.94,48.94,48.94,
1215,19.611594,50,14.44,0,0,0,0,48.94,48.94,48.94,48.94,48.94,48.94,
1216,19.638089,50,14.44,0,0,0,0,48.93,48.93,48.93,48.93,48.93,48.93,
1217,19.607678,50,14.44,0,0,0,0,48.92,48.92,48.92,48.92,48.92,48.92,
1218,19.647383,50,14.44,0,0,0,0,48.92,48.92,48.92,48.92,48.92,48.92,
1219,19.674361,50,14.44,0,0,0,0,48.91,48.91,48.91,48.91,48.91,48.91,
1220,19.6466,50,14.44,0,0,0,0,48.91,48.91,48.91,48.91,48.91,48.91,
1221,19.6378,50,14.44,0,0,0,0,48.9,48.9,48.9,48.9,48.9,48.9,
1222,19.6455,50,14.44,0,0,0,0,48.9,48.9,48.9,48.9,48.9,48.9,
1223,19.636283,50,14.44,0,0,0,0,48.89,48.89,48.89,48.89,48.89,48.89,
1224,19.614528,50,14.44,0,0,0,0,48.88,48.88,48.88,48.88,48.88,48.88,
1225,19.636489,50,14.44,0,0,0,0,48.88,48.88,48.88,48.88,48.88,48.88,
1226,19.622517,50,14.44,0,0,0,0,48.87,48.87,48.87,48.87,48.87,48.87,
1227,19.620656,50,14.44,0,0,0,0,48.87,48.87,48.87,48.87,48.87,48.87,
1228,19.603383,50,14.44,0,0,0,0,48.86,48.86,48.86,48.86,48.86,48.86,
1229,19.636811,50,14.44,0,0,0,0,48.85,48.85,48.85,48.85,48.85,48.85,
1230,19.637589,50,14.44,0,0,0,0,48.85,48.85,48.85,48.85,48.85,48.85,
1231,19.601472,50,14.44,0,0,0,0,48.84,48.84,48.84,48.84,48.84,48.84,
1232,19.577533,50,14.44,0,0,0,0,48.84,48.84,48.84,48.84,48.84,48.84,
1233,19.591,50,14.44,0,0,0,0,48.83,48.83,48.83,48.83,48.83,48.83,
1234,19.536972,50,14.44,0,0,0,0,48.82,48.82,48.82,48.82,48.82,48.82,
1235,19.579622,50,14.44,0,0,0,0,48.82,48.82,48.82,48.82,48.82,48.82,
1236,19.59055,50,14.44,0,0,0,0,48.81,48.81,48.81,48.81,48.81,48.81,
1237,19.612839,50,14.44,0,0,0,0,48.81,48.81,48.81,48.81,48.81,48.81,
1238,19.64045,50,14.44,0,0,0,0,48.8,48.8,48.8,48.8,48.8,48.8,
1239,19.62355,50,14.44,0,0,0,0,48.79,48.79,48.79,48.79,48.79,48.79,
1240,19.6288,50,14.44,0,0,0,0,48.79,48.79,48.79,48.79,48.79,48.79,
1241,19.720972,50,14.44,0,0,0,0,48.78,48.78,48.78,48.78,48.78,48.78,
1242,19.659039,50,14.44,0,0,0,0,48.78,48.78,48.78,48.78,48.78,48.78,
1243,19.655028,50,14.44,0,0,0,0,48.77,48.77,48.77,48.77,48.77,48.77,
1244,19.649622,50,14.44,0,0,0,0,48.77,48.77,48.77,48.77,48.77,48.77,
1245,19.638983,50,14.44,0,0,0,0,48.76,48.76,48.76,48.76,48.76,48.76,
1246,19.65805,50,14.44,0,0,0,0,48.75,48.75,48.75,48.75,48.75,48.75,
1247,19.638378,50,14.44,0,0,0,0,48.75,48.75,48.75,48.75,48.75,48.75,
1248,19.630439,50,14.44,0,0,0,0,48.74,48.74,48.74,48.74,48.74,48.74,
1249,19.590472,50,14.44,0,0,0,0,48.74,48.74,48.74,48.74,48.74,48.74,
1250,19.563889,50,14.44,0,0,0,0,48.73,48.73,48.73,48.73,48.73,48.73,
1251,19.64195,50,14.44,0,0,0,0,48.72,48.72,48.72,48.72,48.72,48.72,
1252,19.591722,50,14.44,0,0,0,0,48.72,48.72,48.72,48.72,48.72,48.72,
1253,19.638872,50,14.44,0,0,0,0,48.71,48.71,48.71,48.71,48.71,48.71,
1254,19.5711,50,14.44,0,0,0,0,48.71,48.71,48.71,48.71,48.71,48.71,
1255,19.545178,50,14.44,0,0,0,0,48.7,48.7,48.7,48.7,48.7,48.7,
1256,19.61395,50,14.44,0,0,0,0,48.7,48.7,48.7,48.7,48.7,48.7,
1257,19.615633,50,14.44,0,0,0,0,48.69,48.69,48.69,48.69,48.69,48.69,
1258,19.5986,50,14.44,0,0,0,0,48.68,48.68,48.68,48.68,48.68,48.68,
1259,19.663889,50,14.44,0,0,0,0,48.68,48.68,48.68,48.68,48.68,48.68,
1260,19.716522,50,14.44,0,0,0,0,48.67,48.67,48.67,48.67,48.67,48.67,
1261,19.660367,50,14.44,0,0,0,0,48.67,48.67,48.67,48.67,48.67,48.67,
1262,19.663372,50,14.44,0,0,0,0,48.66,48.66,48.66,48.66,48.66,48.66,
1263,19.628072,50,14.44,0,0,0,0,48.65,48.65,48.65,48.65,48.65,48.65,
1264,19.631728,50,14.44,0,0,0,0,48.65,48.65,48.65,48.65,48.65,48.65,
1265,19.59,50,14.44,0,0,0,0,48.64,48.64,48.64,48.64,48.64,48.64,
1266,19.603,50,14.44,0,0,0,0,48.64,48.64,48.64,48.64,48.64,48.64,
1267,19.649694,50,14.44,0,0,0,0,48.63,48.63,48.63,48.63,48.63,48.63,
1268,19.582911,50,14.44,0,0,0,0,48.63,48.63,48.63,48.63,48.63,48.63,
1269,19.660689,50,14.44,0,0,0,0,48.62,48.62,48.62,48.62,48.62,48.62,
1270,19.6456,50,14.44,0,0,0,0,48.61,48.61,48.61,48.61,48.61,48.61,
1271,19.633117,50,14.44,0,0,0,0,48.61,48.61,48.61,48.61,48.61,48.61,
1272,19.621389,50,14.44,0,0,0,0,48.6,48.6,48.6,48.6,48.6,48.6,
1273,19.4865,50,14.44,0,0,0,0,48.6,48.6,48.6,48.6,48.6,48.6,
1274,19.454278,50,14.44,0,0,0,0,48.59,48.59,48.59,48.59,48.59,48.59,
1275,19.505311,50,14.44,0,0,0,0,48.58,48.58,48.58,48.58,48.58,48.58,
1276,19.61485,50,14.44,0,0,0,0,48.58,48.58,48.58,48.58,48.58,48.58,
1277,19.570828,50,14.44,0,0,0,0,48.57,48.57,48.57,48.57,48.57,48.57,
1278,19.523739,50,14.44,0,0,0,0,48.57,48.57,48.57,48.57,48.57,48.57,
1279,19.552678,50,14.44,0,0,0,0,48.56,48.56,48.56,48.56,48.56,48.56,
1280,19.548761,50,14.44,0,0,0,0,48.55,48.55,48.55,48.55,48.55,48.55,
1281,19.55125,50,14.44,0,0,0,0,48.55,48.55,48.55,48.55,48.55,48.55,
1282,19.5653,50,14.44,0,0,0,0,48.54,48.54,48.54,48.54,48.54,48.54,
1283,19.586711,50,14.44,0,0,0,0,48.54,48.54,48.54,48.54,48.54,48.54,
1284,19.571822,50,14.44,0,0,0,0,48.53,48.53,48.53,48.53,48.53,48.53,
1285,19.625311,50,14.44,0,0,0,0,48.53,48.53,48.53,48.53,48.53,48.53,
1286,19.740167,50,14.44,0,0,0,0,48.52,48.52,48.52,48.52,48.52,48.52,
1287,19.713272,50,14.44,0,0,0,0,48.51,48.51,48.51,48.51,48.51,48.51,
1288,19.696739,50,14.44,0,0,0,0,48.51,48.51,48.51,48.51,48.51,48.51,
1289,19.632611,50,14.44,0,0,0,0,48.5,48.5,48.5,48.5,48.5,48.5,
1290,19.586617,50,14.44,0,0,0,0,48.5,48.5,48.5,48.5,48.5,48.5,
1291,19.646494,50,14.44,0,0,0,0,48.49,48.49,48.49,48.49,48.49,48.49,
1292,19.661833,50,14.44,0,0,0,0,48.49,48.49,48.49,48.49,48.49,48.49,
1293,19.626967,50,14.44,0,0,0,0,48.48,48.48,48.48,48.48,48.48,48.48,
1294,19.668578,50,14.44,0,0,0,0,48.47,48.47,48.47,48.47,48.47,48.47,
1295,19.651211,50,14.44,0,0,0,0,48.47,48.47,48.47,48.47,48.47,48.47,
1296,19.638878,50,14.44,0,0,0,0,48.46,48.46,48.46,48.46,48.46,48.46,
1297,19.648289,50,14.44,0,0,0,0,48.46,48.46,48.46,48.46,48.46,48.46,
1298,19.649728,50,14.44,0,0,0,0,48.45,48.45,48.45,48.45,48.45,48.45,
1299,19.6461,50,14.44,0,0,0,0,48.44,48.44,48.44,48.44,48.44,48.44,
1300,19.604289,50,14.44,0,0,0,0,48.44,48.44,48.44,48.44,48.44,48.44,
1301,19.580561,50,14.44,0,0,0,0,48.43,48.43,48.43,48.43,48.43,48.43,
1302,19.584628,50,14.44,0,0,0,0,48.43,48.43,48.43,48.43,48.43,48.43,
1303,19.634172,50,14.44,0,0,0,0,48.42,48.42,48.42,48.42,48.42,48.42,
1304,19.626489,50,14.44,0,0,0,0,48.42,48.42,48.42,48.42,48.42,48.42,
1305,19.587522,50,14.44,0,0,0,0,48.41,48.41,48.41,48.41,48.41,48.41,
1306,19.616189,50,14.44,0,0,0,0,48.4,48.4,48.4,48.4,48.4,48.4,
1307,19.632811,50,14.44,0,0,0,0,48.4,48.4,48.4,48.4,48.4,48.4,
1308,19.63535,50,14.44,0,0,0,0,48.39,48.39,48.39,48.39,48.39,48.39,
1309,19.59205,50,14.44,0,0,0,0,48.39,48.39,48.39,48.39,48.39,48.39,
1310,19.569844,50,14.44,0,0,0,0,48.38,48.38,48.38,48.38,48.38,48.38,
1311,19.532011,50,14.44,0,0,0,0,48.37,48.37,48.37,48.37,48.37,48.37,
1312,19.570917,50,14.44,0,0,0,0,48.37,48.37,48.37,48.37,48.37,48.37,
1313,19.593372,50,14.44,0,0,0,0,48.36,48.36,48.36,48.36,48.36,48.36,
1314,19.527772,50,14.44,0,0,0,0,48.36,48.36,48.36,48.36,48.36,48.36,
1315,19.544078,50,14.44,0,0,0,0,48.35,48.35,48.35,48.35,48.35,48.35,
1316,19.569433,50,14.44,0,0,0,0,48.35,48.35,48.35,48.35,48.35,48.35,
1317,19.595539,50,14.44,0,0,0,0,48.34,48.34,48.34,48.34,48.34,48.34,
1318,19.640211,50,14.44,0,0,0,0,48.33,48.33,48.33,48.33,48.33,48.33,
1319,19.655539,50,14.44,0,0,0,0,48.33,48.33,48.33,48.33,48.33,48.33,
1320,19.632244,50,14.44,0,0,0,0,48.32,48.32,48.32,48.32,48.32,48.32,
1321,19.606156,50,14.44,0,0,0,0,48.32,48.32,48.32,48.32,48.32,48.32,
1322,19.6157,50,14.44,0,0,0,0,48.31,48.31,48.31,48.31,48.31,48.31,
1323,19.569483,50,14.44,0,0,0,0,48.31,48.31,48.31,48.31,48.31,48.31,
1324,19.5534,50,14.44,0,0,0,0,48.3,48.3,48.3,48.3,48.3,48.3,
1325,19.635422,50,14.44,0,0,0,0,48.29,48.29,48.29,48.29,48.29,48.29,
1326,19.669128,50,14.44,0,0,0,0,48.29,48.29,48.29,48.29,48.29,48.29,
1327,19.634928,50,14.44,0,0,0,0,48.28,48.28,48.28,48.28,48.28,48.28,
1328,19.606333,50,14.44,0,0,0,0,48.28,48.28,48.28,48.28,48.28,48.28,
1329,19.6037,50,14.44,0,0,0,0,48.27,48.27,48.27,48.27,48.27,48.27,
1330,19.6107,50,14.44,0,0,0,0,48.26,48.26,48.26,48.26,48.26,48.26,
1331,19.607428,50,14.44,0,0,0,0,48.26,48.26,48.26,48.26,48.26,48.26,
1332,19.635817,50,14.44,0,0,0,0,48.25,48.25,48.25,48.25,48.25,48.25,
1333,19.6513,50,14.44,0,0,0,0,48.25,48.25,48.25,48.25,48.25,48.25,
1334,19.642089,50,14.44,0,0,0,0,48.24,48.24,48.24,48.24,48.24,48.24,
1335,19.62255,50,14.44,0,0,0,0,48.24,48.24,48.24,48.24,48.24,48.24,
1336,19.618028,50,14.44,0,0,0,0,48.23,48.23,48.23,48.23,48.23,48.23,
1337,19.614461,50,14.44,0,0,0,0,48.22,48.22,48.22,48.22,48.22,48.22,
1338,19.628022,50,14.44,0,0,0,0,48.22,48.22,48.22,48.22,48.22,48.22,
1339,19.615689,50,14.44,0,0,0,0,48.21,48.21,48.21,48.21,48.21,48.21,
1340,19.621267,50,14.44,0,0,0,0,48.21,48.21,48.21,48.21,48.21,48.21,
1341,19.584861,50,14.44,0,0,0,0,48.2,48.2,48.2,48.2,48.2,48.2,
1342,19.549267,50,14.44,0,0,0,0,48.2,48.2,48.2,48.2,48.2,48.2,
1343,19.599478,50,14.44,0,0,0,0,48.19,48.19,48.19,48.19,48.19,48.19,
1344,19.702022,50,14.44,0,0,0,0,48.18,48.18,48.18,48.18,48.18,48.18,
1345,19.705561,50,14.44,0,0,0,0,48.18,48.18,48.18,48.18,48.18,48.18,
1346,19.667983,50,14.44,0,0,0,0,48.17,48.17,48.17,48.17,48.17,48.17,
1347,19.636067,50,14.44,0,0,0,0,48.17,48.17,48.17,48.17,48.17,48.17,
1348,19.606317,50,14.44,0,0,0,0,48.16,48.16,48.16,48.16,48.16,48.16,
1349,19.622267,50,14.44,0,0,0,0,48.16,48.16,48.16,48.16,48.16,48.16,
1350,19.640461,50,14.44,0,0,0,0,48.15,48.15,48.15,48.15,48.15,48.15,
1351,19.630972,50,14.44,0,0,0,0,48.14,48.14,48.14,48.14,48.14,48.14,
1352,19.646333,50,14.44,0,0,0,0,48.14,48.14,48.14,48.14,48.14,48.14,
1353,19.621811,50,14.44,0,0,0,0,48.13,48.13,48.13,48.13,48.13,48.13,
1354,19.651661,50,14.44,0,0,0,0,48.13,48.13,48.13,48.13,48.13,48.13,
1355,19.636111,50,14.44,0,0,0,0,48.12,48.12,48.12,48.12,48.12,48.12,
1356,19.610439,50,14.44,0,0,0,0,48.12,48.12,48.12,48.12,48.12,48.12,
1357,19.6329,50,14.44,0,0,0,0,48.11,48.11,48.11,48.11,48.11,48.11,
1358,19.624661,50,14.44,0,0,0,0,48.1,48.1,48.1,48.1,48.1,48.1,
1359,19.630078,50,14.44,0,0,0,0,48.1,48.1,48.1,48.1,48.1,48.1,
1360,19.62415,50,14.44,0,0,0,0,48.09,48.09,48.09,48.09,48.09,48.09,
1361,19.626611,50,14.44,0,0,0,0,48.09,48.09,48.09,48.09,48.09,48.09,
1362,19.636322,50,14.44,0,0,0,0,48.08,48.08,48.08,48.08,48.08,48.08,
1363,19.5877,50,14.44,0,0,0,0,48.08,48.08,48.08,48.08,48.08,48.08,
1364,19.5879,50,14.44,0,0,0,0,48.07,48.07,48.07,48.07,48.07,48.07,
1365,19.634222,50,14.44,0,0,0,0,48.06,48.06,48.06,48.06,48.06,48.06,
1366,19.631172,50,14.44,0,0,0,0,48.06,48.06,48.06,48.06,48.06,48.06,
1367,19.6072,50,14.44,0,0,0,0,48.05,48.05,48.05,48.05,48.05,48.05,
1368,19.589456,50,14.44,0,0,0,0,48.05,48.05,48.05,48.05,48.05,48.05,
1369,19.609422,50,14.44,0,0,0,0,48.04,48.04,48.04,48.04,48.04,48.04,
1370,19.552983,50,14.44,0,0,0,0,48.04,48.04,48.04,48.04,48.04,48.04,
1371,19.514089,50,14.44,0,0,0,0,48.03,48.03,48.03,48.03,48.03,48.03,
1372,19.537128,50,14.44,0,0,0,0,48.02,48.02,48.02,48.02,48.02,48.02,
1373,19.546428,50,14.44,0,0,0,0,48.02,48.02,48.02,48.02,48.02,48.02,
1374,19.580789,50,14.44,0,0,0,0,48.01,48.01,48.01,48.01,48.01,48.01,
1375,19.641778,50,14.44,0,0,0,0,48.01,48.01,48.01,48.01,48.01,48.01,
1376,19.609689,50,14.44,0,0,0,0,48,48,48,48,48,48,
1377,19.57445,50,14.44,0,0,0,0,48,48,48,48,48,48,
1378,19.584661,50,14.44,0,0,0,0,47.99,47.99,47.99,47.99,47.99,47.99,
1379,19.57925,50,14.44,0,0,0,0,47.98,47.98,47.98,47.98,47.98,47.98,
1380,19.593811,50,14.44,0,0,0,0,47.98,47.98,47.98,47.98,47.98,47.98,
1381,19.61065,50,14.44,0,0,0,0,47.97,47.97,47.97,47.97,47.97,47.97,
1382,19.61065,50,14.44,0,0,0,0,47.97,47.97,47.97,47.97,47.97,47.97,
1383,19.61065,50,14.44,0,0,0,0,47.96,47.96,47.96,47.96,47.96,47.96,
1384,19.61065,50,14.44,0,0,0,0,47.96,47.96,47.96,47.96,47.96,47.96,
1385,19.61065,50,14.44,0,0,0,0,47.95,47.95,47.95,47.95,47.95,47.95,
1386,19.61065,50,14.44,0,0,0,0,47.94,47.94,47.94,47.94,47.94,47.94,
1387,19.61065,50,14.44,0,0,0,0,47.94,47.94,47.94,47.94,47.94,47.94,
1388,19.61065,50,14.44,0,0,0,0,47.93,47.93,47.93,47.93,47.93,47.93,
1389,19.61065,50,14.44,0,0,0,0,47.93,47.93,47.93,47.93,47.93,47.93,
1390,19.61065,50,14.44,0,0,0,0,47.92,47.92,47.92,47.92,47.92,47.92,
1391,19.61065,50,14.44,0,0,0,0,47.92,47.92,47.92,47.92,47.92,47.92,
1392,19.61065,50,14.44,0,0,0,0,47.91,47.91,47.91,47.91,47.91,47.91,
1393,19.61065,50,14.44,0,0,0,0,47.9,47.9,47.9,47.9,47.9,47.9,
1394,19.61065,50,14.44,0,0,0,0,47.9,47.9,47.9,47.9,47.9,47.9,
1395,19.61065,50,14.44,0,0,0,0,47.89,47.89,47.89,47.89,47.89,47.89,
1396,19.61065,50,14.44,0,0,0,0,47.89,47.89,47.89,47.89,47.89,47.89,
1397,19.61065,50,14.44,0,0,0,0,47.88,47.88,47.88,47.88,47.88,47.88,
1398,19.61065,50,14.44,0,0,0,0,47.88,47.88,47.88,47.88,47.88,47.88,
1399,19.61065,50,14.44,0,0,0,0,47.87,47.87,47.87,47.87,47.87,47.87,
1400,19.61065,50,14.44,0,0,0,0,47.86,47.86,47.86,47.86,47.86,47.86,
1401,19.61065,50,14.44,0,0,0,0,47.86,47.86,47.86,47.86,47.86,47.86,
1402,19.61065,50,14.44,0,0,0,0,47.85,47.85,47.85,47.85,47.85,47.85,
1403,19.61065,50,14.44,0,0,0,0,47.85,47.85,47.85,47.85,47.85,47.85,
1404,19.61065,50,14.44,0,0,0,0,47.84,47.84,47.84,47.84,47.84,47.84,
1405,19.61065,50,14.44,0,0,0,0,47.84,47.84,47.84,47.84,47.84,47.84,
1406,19.61065,50,14.44,0,0,0,0,47.83,47.83,47.83,47.83,47.83,47.83,
1407,19.61065,50,14.44,0,0,0,0,47.82,47.82,47.82,47.82,47.82,47.82,
1408,19.61065,50,14.44,0,0,0,0,47.82,47.82,47.82,47.82,47.82,47.82,
1409,19.61065,50,14.44,0,0,0,0,47.81,47.81,47.81,47.81,47.81,47.81,
1410,19.61065,50,14.44,0,0,0,0,47.81,47.81,47.81,47.81,47.81,47.81,
1411,19.61065,50,14.44,0,0,0,0,47.8,47.8,47.8,47.8,47.8,47.8,
1412,19.61065,50,14.44,0,0,0,0,47.8,47.8,47.8,47.8,47.8,47.8,
1413,19.61065,50,14.44,0,0,0,0,47.79,47.79,47.79,47.79,47.79,47.79,
1414,19.61065,50,14.44,0,0,0,0,47.78,47.78,47.78,47.78,47.78,47.78,
1415,19.61065,50,14.44,0,0,0,0,47.78,47.78,47.78,47.78,47.78,47.78,
1416,19.61065,50,14.44,0,0,0,0,47.77,47.77,47.77,47.77,47.77,47.77,
1417,19.61065,50,14.44,0,0,0,0,47.77,47.77,47.77,47.77,47.77,47.77,
1418,19.61065,50,14.44,0,0,0,0,47.76,47.76,47.76,47.76,47.76,47.76,
1419,19.61065,50,14.44,0,0,0,0,47.76,47.76,47.76,47.76,47.76,47.76,
1420,19.61065,50,14.44,0,0,0,0,47.75,47.75,47.75,47.75,47.75,47.75,
1421,19.61065,50,14.44,0,0,0,0,47.74,47.74,47.74,47.74,47.74,47.74,
1422,19.61065,50,14.44,0,0,0,0,47.74,47.74,47.74,47.74,47.74,47.74,
1423,19.61065,50,14.44,0,0,0,0,47.73,47.73,47.73,47.73,47.73,47.73,
1424,19.61065,50,14.44,0,0,0,0,47.73,47.73,47.73,47.73,47.73,47.73,
1425,19.61065,50,14.44,0,0,0,0,47.72,47.72,47.72,47.72,47.72,47.72,
1426,19.61065,50,14.44,0,0,0,0,47.72,47.72,47.72,47.72,47.72,47.72,
1427,19.61065,50,14.44,0,0,0,0,47.71,47.71,47.71,47.71,47.71,47.71,
1428,19.61065,50,14.44,0,0,0,0,47.7,47.7,47.7,47.7,47.7,47.7,
1429,19.61065,50,14.44,0,0,0,0,47.7,47.7,47.7,47.7,47.7,47.7,
1430,19.61065,50,14.44,0,0,0,0,47.69,47.69,47.69,47.69,47.69,47.69,
1431,19.61065,50,14.44,0,0,0,0,47.69,47.69,47.69,47.69,47.69,47.69,
1432,19.61065,50,14.44,0,0,0,0,47.68,47.68,47.68,47.68,47.68,47.68,
1433,19.61065,50,14.44,0,0,0,0,47.68,47.68,47.68,47.68,47.68,47.68,
1434,19.61065,50,14.44,0,0,0,0,47.67,47.67,47.67,47.67,47.67,47.67,
1435,19.61065,50,14.44,0,0,0,0,47.67,47.67,47.67,47.67,47.67,47.67,
1436,19.61065,50,14.44,0,0,0,0,47.66,47.66,47.66,47.66,47.66,47.66,
1437,19.61065,50,14.44,0,0,0,0,47.65,47.65,47.65,47.65,47.65,47.65,
1438,19.61065,50,14.44,0,0,0,0,47.65,47.65,47.65,47.65,47.65,47.65,
1439,19.61065,50,14.44,0,0,0,0,47.64,47.64,47.64,47.64,47.64,47.64,
1440,19.61065,50,14.44,0,0,0,0,47.64,47.64,47.64,47.64,47.64,47.64,
