Time(min),AmbientT(C),PowerIn(W),TankT1(C),TankT2(C),TankT3(C),TankT4(C),TankT5(C),TankT6(C),InletT(C),OutletT(C),FlowRate(gal/min)
0,20.6,1.8,18.3,18.2,18.9,23.7,26.7,33.8,,,
1,20.2,22.25,18.3,18.3,18.5,23.2,26.4,34.0,,,
2,19.7,19.666666666666668,18.3,18.2,18.6,23.6,26.5,34.0,,,
3,19.9,71.75,18.3,18.3,18.5,23.5,26.6,34.1,,,
4,20.2,251.96666666666667,18.3,18.3,18.6,23.6,26.5,34.0,,,
5,20.3,4347.266666666666,18.3,18.3,18.8,23.5,29.7,34.1,,,
6,20.2,4347.650000000001,18.3,18.3,19.1,23.3,30.9,34.4,,,
7,19.9,4353.083333333333,18.3,18.3,19.3,23.5,31.9,33.0,,,
8,20.0,4359.150000000001,18.3,18.3,19.5,23.3,32.5,33.6,,,
9,20.2,4378.25,18.3,18.4,19.9,23.4,33.2,34.5,,,
10,20.2,4385.516666666667,18.3,18.4,20.2,23.4,34.1,35.3,,,
11,19.9,4389.866666666666,18.3,18.5,20.6,23.4,34.8,36.1,,,
12,19.9,4387.95,18.3,18.6,20.9,23.3,35.6,36.6,,,
13,20.1,4393.133333333333,18.3,18.6,21.4,23.4,36.7,37.1,,,
14,20.1,4394.316666666667,18.3,18.8,21.8,23.5,37.5,37.5,,,
15,20.0,4395.533333333333,18.3,18.8,22.1,23.5,37.8,38.2,,,
16,19.9,4393.650000000001,18.4,19.0,22.4,23.7,38.3,39.2,,,
17,20.1,4394.216666666667,18.4,19.1,22.6,23.7,39.1,39.6,,,
18,20.3,4400.3,18.4,19.2,22.8,23.9,39.5,40.0,,,
19,20.1,4378.533333333333,18.4,19.4,22.9,24.0,41.9,40.8,,,
20,19.9,4373.650000000001,18.5,19.5,23.1,24.2,41.4,41.3,,,
21,20.1,4363.65,18.5,19.6,23.2,24.3,42.1,42.4,,,
22,20.3,4332.783333333334,18.6,19.7,23.4,24.4,41.8,42.5,,,
23,20.1,4339.516666666666,18.6,19.9,23.6,24.6,42.4,42.9,,,
24,19.9,4339.866666666666,18.6,20.0,23.7,24.7,43.1,43.9,,,
25,20.0,4344.316666666667,18.7,20.2,23.9,24.9,43.7,44.6,,,
26,20.2,4345.633333333333,18.8,20.3,24.1,25.0,44.3,45.1,,,
27,20.2,4346.483333333334,18.8,20.5,24.2,25.1,44.7,45.5,,,
28,19.9,4345.85,18.9,20.7,24.4,25.3,46.5,46.0,,,
29,20.0,4345.183333333333,18.9,20.8,24.5,25.4,46.0,46.4,,,
30,20.2,4347.349999999999,19.0,21.0,24.6,25.6,47.1,47.1,,,
31,20.3,4343.45,19.1,21.2,24.8,25.7,47.1,48.3,,,
32,20.0,4346.816666666667,19.2,21.3,25.0,25.9,48.2,48.3,,,
33,19.9,4354.766666666667,19.2,21.5,25.1,26.0,48.6,49.2,,,
34,20.1,4358.166666666667,19.3,21.7,25.3,26.2,49.1,49.1,,,
35,20.2,4360.9,19.4,21.9,25.4,26.3,49.6,50.2,,,
36,20.3,4370.416666666667,19.5,22.1,25.5,26.4,50.9,50.8,,,
37,20.0,4368.816666666667,19.5,22.2,25.7,26.6,51.9,51.1,,,
38,19.9,4366.15,19.7,22.4,25.8,26.7,51.5,51.9,,,
39,20.1,4364.016666666667,19.7,22.6,26.0,26.9,52.2,52.7,,,
40,20.3,4358.966666666666,19.8,22.8,26.1,27.0,52.5,53.0,,,
41,20.1,3005.9,20.0,22.9,26.3,27.2,53.1,53.4,,,
42,19.8,297.86666666666673,20.1,23.1,26.4,27.4,53.0,53.2,,,
43,20.0,298.6333333333334,20.1,23.3,26.6,27.5,52.9,52.9,,,
44,20.2,299.1166666666666,20.3,23.4,26.7,27.6,52.9,53.0,,,
45,20.3,299.65000000000003,20.3,23.6,26.9,27.8,53.1,52.8,,,
46,20.0,300.25,20.5,23.8,27.0,27.9,53.0,53.1,,,
47,19.8,300.90000000000003,20.6,23.9,27.1,28.0,52.9,52.8,,,
48,20.1,301.43333333333334,20.7,24.1,27.3,28.2,53.0,52.8,,,
49,20.2,302.18333333333334,20.8,24.2,27.4,28.3,52.9,52.6,,,
50,20.3,302.53333333333336,20.9,24.4,27.6,28.5,52.9,52.7,,,
51,20.0,303.1000000000001,21.0,24.6,27.7,28.6,53.0,52.6,,,
52,19.9,303.81666666666666,21.1,24.7,27.9,28.8,52.9,52.9,,,
53,20.1,304.5333333333333,21.3,24.8,28.0,28.9,52.9,53.1,,,
54,20.1,304.75,21.4,25.0,28.2,29.0,52.9,52.9,,,
55,20.1,305.31666666666666,21.5,25.2,28.3,29.2,53.0,52.9,,,
56,19.9,306.3,21.6,25.3,28.5,29.3,53.0,52.8,,,
57,20.0,307.18333333333334,21.8,25.5,28.6,29.5,53.0,52.8,,,
58,20.1,307.45,21.9,25.6,28.7,29.6,53.0,52.6,,,
59,20.1,307.5,22.0,25.8,28.9,29.8,53.0,52.6,,,
60,19.9,308.59999999999997,22.2,25.9,29.0,29.9,53.0,52.8,,,
61,19.9,308.9166666666667,22.3,26.1,29.2,30.0,53.0,53.0,,,
62,20.2,309.68333333333334,22.4,26.2,29.3,30.2,53.0,52.6,,,
63,20.3,309.84999999999997,22.6,26.4,29.4,30.3,52.9,52.6,,,
64,20.0,310.78333333333336,22.7,26.5,29.6,30.4,53.0,52.6,,,
65,19.9,312.48333333333335,22.8,26.7,29.7,30.6,52.9,52.1,,,
66,20.1,311.25,22.9,26.8,29.9,30.7,52.9,52.6,,,
67,20.3,311.8333333333333,23.1,27.0,30.0,30.8,52.9,52.8,,,
68,20.3,312.4666666666667,23.3,27.1,30.2,31.0,52.8,52.6,,,
69,19.8,314.8,23.4,27.3,30.3,31.1,52.8,52.8,,,
70,19.9,314.3666666666666,23.5,27.4,30.4,31.2,52.9,52.3,,,
71,20.2,314.5833333333333,23.7,27.6,30.5,31.4,52.9,52.6,,,
72,20.3,316.13333333333327,23.8,27.7,30.7,31.5,52.9,52.2,,,
73,20.0,314.81666666666666,23.9,27.9,30.9,31.6,52.8,52.5,,,
74,19.8,315.96666666666664,24.1,28.0,31.0,31.8,52.9,52.4,,,
75,20.2,317.06666666666666,24.2,28.2,31.1,31.9,52.9,52.6,,,
76,20.3,316.8666666666667,24.4,28.3,31.2,32.0,52.9,52.5,,,
77,20.1,316.90000000000003,24.5,28.4,31.4,32.2,52.8,52.1,,,
78,19.8,318.09999999999997,24.7,28.6,31.5,32.3,52.8,52.5,,,
79,20.0,318.5,24.8,28.7,31.7,32.4,52.7,52.6,,,
80,20.3,319.15000000000003,24.9,28.9,31.8,32.6,52.6,52.6,,,
81,20.3,319.6166666666667,25.1,29.0,31.9,32.7,52.8,52.6,,,
82,20.0,320.15000000000003,25.2,29.2,32.0,32.8,52.8,52.5,,,
83,19.8,321.45,25.4,29.3,32.2,33.0,52.7,52.5,,,
84,20.0,2379.4166666666665,25.5,29.5,32.3,33.1,52.8,52.4,,,
85,20.2,4431.45,25.7,29.6,32.4,33.2,52.8,53.6,,,
86,20.2,4435.383333333332,25.8,29.8,32.6,33.4,53.1,54.2,,,
87,19.8,2375.183333333333,26.0,29.9,32.7,33.5,53.8,54.1,,,
88,20.0,323.8333333333333,26.1,30.0,32.9,33.6,53.8,54.1,,,
89,20.2,323.93333333333334,26.2,30.2,33.0,33.8,53.8,54.0,,,
90,20.2,324.9,26.4,30.3,33.1,33.9,53.8,53.6,,,
91,20.0,325.38333333333327,26.6,30.5,33.2,34.0,53.8,53.6,,,
92,20.0,325.98333333333335,26.7,30.6,33.4,34.1,53.8,53.5,,,
93,20.3,326.5333333333333,26.9,30.7,33.5,34.3,53.8,53.8,,,
94,20.2,326.88333333333327,27.0,30.9,33.6,34.4,53.8,53.5,,,
95,19.9,327.7166666666667,27.2,31.0,33.8,34.5,53.8,53.7,,,
96,19.8,328.25,27.3,31.2,33.9,34.6,53.8,53.7,,,
97,20.1,328.78333333333336,27.5,31.3,34.0,34.8,53.8,53.7,,,
98,20.2,329.15000000000003,27.6,31.5,34.2,34.9,53.8,53.7,,,
99,20.2,330.01666666666665,27.8,31.6,34.3,35.0,53.8,53.5,,,
100,19.8,330.6333333333334,27.9,31.8,34.4,35.1,53.8,53.7,,,
101,20.0,331.05,28.1,31.9,34.5,35.3,53.8,53.6,,,
102,20.2,331.6666666666667,28.2,32.1,34.7,35.4,53.8,53.8,,,
103,20.2,332.1333333333333,28.3,32.2,34.8,35.6,53.8,53.4,,,
104,20.1,332.75,28.5,32.3,34.9,35.7,53.8,53.6,,,
105,19.9,333.58333333333337,28.6,32.5,35.1,35.8,53.8,53.5,,,
106,20.1,333.8666666666666,28.8,32.6,35.2,35.9,53.8,53.5,,,
107,20.2,334.54999999999995,28.9,32.7,35.3,36.0,53.8,53.7,,,
108,20.2,335.2,29.1,32.9,35.4,36.2,53.6,53.5,,,
109,19.9,335.73333333333335,29.2,33.0,35.6,36.3,53.7,53.5,,,
110,19.9,336.40000000000003,29.4,33.2,35.7,36.4,53.7,53.6,,,
111,20.1,336.53333333333336,29.5,33.3,35.8,36.5,53.7,53.1,,,
112,20.2,337.4166666666667,29.7,33.4,35.9,36.6,53.7,53.0,,,
113,20.1,337.9166666666667,29.8,33.6,36.1,36.8,53.7,53.2,,,
114,19.9,338.90000000000003,30.0,33.7,36.2,36.9,53.7,53.3,,,
115,20.0,339.15000000000003,30.1,33.9,36.3,37.0,53.6,53.3,,,
116,20.3,339.55,30.3,34.0,36.5,37.2,53.7,53.4,,,
117,20.1,340.65000000000003,30.4,34.2,36.6,37.3,53.7,53.2,,,
118,19.8,341.55,30.6,34.3,36.7,37.4,53.7,53.3,,,
119,20.1,342.0,30.7,34.4,36.8,37.5,53.7,53.5,,,
120,20.3,342.26666666666665,30.8,34.6,37.0,37.6,53.5,53.3,,,
121,20.2,343.26666666666665,31.0,34.7,37.1,37.8,53.6,53.2,,,
122,19.9,343.40000000000003,31.1,34.8,37.2,37.9,53.7,53.5,,,
123,20.0,344.26666666666665,31.3,35.0,37.3,38.0,53.6,53.4,,,
124,20.1,345.1666666666667,31.5,35.1,37.5,38.2,53.6,53.5,,,
125,20.2,345.25,31.6,35.2,37.6,38.2,53.6,53.5,,,
126,20.0,346.3999999999999,31.7,35.4,37.7,38.4,53.5,53.5,,,
127,19.9,346.7166666666667,31.9,35.5,37.9,38.5,53.6,53.2,,,
128,20.1,347.54999999999995,32.0,35.7,38.0,38.6,53.5,53.0,,,
129,20.2,348.34999999999997,32.2,35.8,38.1,38.8,53.6,53.3,,,
130,20.1,348.54999999999995,32.3,35.9,38.2,38.9,53.5,53.3,,,
131,19.8,349.23333333333335,32.5,36.1,38.4,39.0,53.6,53.0,,,
132,20.1,350.06666666666666,32.6,36.2,38.5,39.1,53.5,53.4,,,
133,20.3,350.8833333333334,32.8,36.3,38.6,39.2,53.5,53.3,,,
134,20.2,350.5,32.9,36.5,38.7,39.3,53.4,53.1,,,
135,19.8,352.1666666666667,33.0,36.6,38.8,39.4,53.5,53.3,,,
136,19.9,352.05,33.2,36.7,38.9,39.6,53.4,53.2,,,
137,20.1,352.56666666666666,33.3,36.9,39.1,39.7,53.4,53.1,,,
138,20.2,353.2,33.5,37.0,39.2,39.8,53.4,53.4,,,
139,20.1,353.75,33.6,37.1,39.3,39.9,53.4,53.3,,,
140,19.8,354.21666666666664,33.8,37.3,39.4,40.1,53.2,53.3,,,
141,20.1,355.11666666666673,33.9,37.4,39.6,40.2,53.3,53.1,,,
142,20.2,355.31666666666666,34.0,37.5,39.7,40.3,53.3,53.1,,,
143,20.0,355.8833333333334,34.2,37.7,39.8,40.4,53.3,52.8,,,
144,19.9,356.4166666666667,34.3,37.8,39.9,40.6,53.4,53.3,,,
145,20.2,357.4166666666667,34.5,37.9,40.0,40.7,53.2,52.8,,,
146,20.3,356.95,34.6,38.1,40.2,40.8,53.2,53.3,,,
147,20.0,358.8,34.8,38.2,40.3,40.9,53.3,53.0,,,
148,19.8,358.45,34.9,38.3,40.4,41.0,53.2,53.4,,,
149,20.0,359.23333333333335,35.1,38.4,40.5,41.1,53.2,53.1,,,
150,20.3,361.43333333333334,35.2,38.6,40.6,41.2,53.0,53.1,,,
151,20.2,361.1333333333334,35.4,38.7,40.7,41.3,53.0,52.8,,,
152,19.9,361.26666666666665,35.5,38.8,40.9,41.4,53.2,52.9,,,
153,20.0,362.2,35.7,39.0,41.0,41.6,53.0,53.2,,,
154,20.2,362.26666666666665,35.8,39.1,41.1,41.7,53.0,52.9,,,
155,20.2,3762.1000000000004,35.9,39.2,41.2,41.8,53.2,53.6,,,
156,19.9,4440.2,36.1,39.4,41.3,41.9,53.5,54.4,,,
157,19.8,3763.433333333333,36.2,39.5,41.5,42.0,53.8,54.6,,,
158,20.1,365.84999999999997,36.3,39.6,41.6,42.1,54.1,54.4,,,
159,20.3,365.51666666666665,36.5,39.7,41.7,42.3,54.0,54.1,,,
160,20.1,366.2,36.6,39.9,41.8,42.4,54.0,53.8,,,
161,19.8,367.04999999999995,36.8,40.0,41.9,42.5,54.0,54.0,,,
162,20.0,367.43333333333334,36.9,40.1,42.0,42.6,54.1,53.8,,,
163,20.3,367.5833333333333,37.0,40.2,42.2,42.8,54.0,54.0,,,
164,20.2,368.48333333333335,37.2,40.4,42.3,42.9,54.0,53.7,,,
165,20.0,369.53333333333336,37.4,40.5,42.4,43.0,54.1,54.0,,,
166,19.8,370.01666666666665,37.5,40.6,42.5,43.1,54.0,53.8,,,
167,20.1,370.5,37.6,40.7,42.6,43.2,54.1,53.7,,,
168,20.2,370.93333333333334,37.8,40.9,42.8,43.3,54.1,53.9,,,
169,20.1,371.68333333333334,37.9,41.0,42.9,43.4,53.9,53.9,,,
170,19.9,372.59999999999997,38.0,41.1,43.0,43.5,54.0,53.8,,,
171,20.1,372.98333333333335,38.2,41.3,43.1,43.7,54.0,53.9,,,
172,20.3,373.50000000000006,38.3,41.4,43.2,43.8,54.1,53.7,,,
173,20.0,374.0,38.5,41.5,43.3,43.9,54.0,54.0,,,
174,19.8,374.81666666666666,38.6,41.6,43.5,44.1,54.1,53.7,,,
175,20.0,375.34999999999997,38.7,41.7,43.6,44.1,54.1,53.3,,,
176,20.2,375.7166666666667,38.9,41.9,43.7,44.3,54.1,54.0,,,
177,20.2,376.23333333333335,39.0,42.0,43.8,44.4,54.0,53.5,,,
178,19.9,377.1166666666666,39.1,42.1,43.9,44.5,54.0,53.7,,,
179,20.1,377.9166666666667,39.3,42.3,44.1,44.6,54.0,53.5,,,
180,20.3,378.3333333333333,39.4,42.4,44.2,44.7,54.0,53.7,,,
181,20.1,378.98333333333335,39.6,42.5,44.3,44.8,53.9,54.0,,,
182,19.8,380.1666666666667,39.7,42.6,44.4,44.9,53.9,53.6,,,
183,20.0,379.9666666666667,39.8,42.7,44.5,45.0,54.0,53.6,,,
184,20.2,380.31666666666666,39.9,42.9,44.6,45.2,54.0,53.5,,,
185,20.1,382.0166666666667,40.1,43.0,44.7,45.3,54.0,53.6,,,
186,19.9,382.06666666666666,40.2,43.1,44.9,45.4,54.0,53.7,,,
187,19.9,382.73333333333335,40.3,43.2,45.0,45.5,54.0,53.6,,,
188,20.2,383.29999999999995,40.5,43.3,45.1,45.6,53.9,53.5,,,
189,20.2,384.0333333333333,40.6,43.5,45.2,45.7,54.0,53.6,,,
190,20.0,385.01666666666665,40.8,43.6,45.3,45.8,53.9,53.8,,,
191,19.7,385.09999999999997,40.9,43.7,45.4,46.0,53.9,53.8,,,
192,20.0,386.45000000000005,41.0,43.8,45.6,46.1,53.9,53.6,,,
193,20.3,385.8833333333334,41.2,44.0,45.7,46.2,53.8,53.8,,,
194,20.1,387.7833333333333,41.3,44.1,45.8,46.3,53.9,53.8,,,
195,19.8,387.8666666666666,41.4,44.2,45.9,46.4,53.9,53.7,,,
196,19.9,388.3333333333333,41.6,44.3,46.0,46.5,53.9,53.4,,,
197,20.2,388.56666666666666,41.7,44.4,46.1,46.6,53.9,53.5,,,
198,20.2,389.34999999999997,41.8,44.6,46.2,46.7,53.7,53.5,,,
199,20.0,390.6333333333334,42.0,44.7,46.4,46.8,53.8,53.7,,,
200,19.9,391.6666666666667,42.1,44.8,46.5,46.9,53.8,53.4,,,
201,20.2,392.2333333333333,42.2,44.9,46.6,47.1,53.9,53.4,,,
202,20.3,392.6666666666667,42.4,45.1,46.7,47.1,53.8,53.5,,,
203,20.0,392.59999999999997,42.5,45.2,46.8,47.3,53.7,53.6,,,
204,19.9,394.7833333333333,42.6,45.3,46.9,47.3,53.8,53.6,,,
205,20.2,393.40000000000003,42.7,45.4,47.0,47.5,53.8,53.5,,,
206,20.3,394.38333333333327,42.9,45.5,47.1,47.6,53.7,53.5,,,
207,20.0,395.21666666666664,43.0,45.6,47.2,47.7,53.8,53.7,,,
208,19.8,395.9166666666667,43.1,45.8,47.4,47.8,53.6,53.2,,,
209,20.2,396.21666666666664,43.3,45.9,47.5,47.9,53.8,53.4,,,
210,20.2,396.68333333333334,43.4,46.0,47.6,48.0,53.6,53.6,,,
211,20.1,397.40000000000003,43.5,46.1,47.7,48.1,53.6,53.5,,,
212,19.8,398.05,43.6,46.2,47.8,48.2,53.6,53.4,,,
213,19.9,399.0,43.8,46.4,47.9,48.3,53.6,53.5,,,
214,20.2,399.3833333333334,43.9,46.5,48.0,48.4,53.6,53.3,,,
215,20.3,399.7833333333333,44.0,46.6,48.1,48.5,53.7,53.4,,,
216,19.9,400.73333333333335,44.2,46.7,48.2,48.6,53.6,53.2,,,
217,19.8,401.01666666666665,44.3,46.8,48.3,48.7,53.6,53.5,,,
218,20.1,401.5666666666666,44.4,46.9,48.4,48.8,53.5,53.4,,,
219,20.3,401.86666666666673,44.5,47.0,48.5,48.9,53.4,53.4,,,
220,20.1,402.78333333333336,44.7,47.2,48.6,49.0,53.6,53.5,,,
221,19.8,403.4166666666667,44.8,47.3,48.7,49.1,53.5,53.5,,,
222,20.1,403.76666666666665,44.9,47.4,48.8,49.2,53.6,53.1,,,
223,20.3,404.40000000000003,45.0,47.5,48.9,49.3,53.3,53.4,,,
224,20.1,404.95000000000005,45.2,47.6,49.0,49.4,53.4,53.5,,,
225,19.8,405.59999999999997,45.3,47.7,49.1,49.5,53.3,53.3,,,
226,20.0,406.2166666666667,45.4,47.8,49.3,49.6,53.2,53.5,,,
227,20.2,406.51666666666665,45.6,48.0,49.4,49.7,53.2,53.5,,,
228,20.2,407.45000000000005,45.7,48.1,49.5,49.8,53.5,53.5,,,
229,19.9,408.03333333333336,45.8,48.2,49.6,49.9,53.1,53.3,,,
230,19.8,408.8,45.9,48.3,49.6,50.0,53.5,53.3,,,
231,20.2,408.8833333333334,46.1,48.4,49.8,50.1,53.4,53.1,,,
232,20.4,409.6166666666666,46.2,48.5,49.9,50.2,53.2,53.4,,,
233,20.1,410.8333333333334,46.3,48.6,50.0,50.3,53.3,53.1,,,
234,19.7,411.2,46.4,48.8,50.1,50.4,53.0,53.4,,,
235,19.9,411.3,46.5,48.9,50.2,50.5,53.1,53.3,,,
236,20.2,412.06666666666666,46.7,49.0,50.3,50.6,52.9,53.2,,,
237,20.3,412.7833333333333,46.8,49.1,50.4,50.7,52.5,53.2,,,
238,20.1,413.5333333333333,46.9,49.2,50.5,50.8,52.5,53.2,,,
239,19.9,414.3,47.0,49.3,50.6,50.9,52.4,53.2,,,
240,20.1,414.76666666666665,47.1,49.4,50.7,51.0,53.0,53.2,,,
241,20.3,415.7833333333333,47.3,49.5,50.8,51.1,52.0,52.8,,,
242,20.2,416.26666666666665,47.4,49.6,50.8,51.2,52.1,52.9,,,
243,19.9,416.23333333333335,47.5,49.7,51.0,51.2,51.9,53.1,,,
244,20.2,417.0,47.6,49.8,51.1,51.4,52.0,53.3,,,
245,20.3,418.46666666666664,47.8,49.9,51.1,51.4,52.0,52.9,,,
246,20.3,418.5333333333333,47.8,50.0,51.2,51.5,52.0,53.1,,,
247,19.9,419.20000000000005,48.0,50.2,51.3,51.6,52.1,53.3,,,
248,20.1,419.2833333333333,48.1,50.3,51.4,51.7,52.2,53.3,,,
249,20.2,421.5833333333333,48.2,50.4,51.5,51.8,52.3,53.1,,,
250,20.2,420.5,48.3,50.5,51.6,51.9,52.3,52.9,,,
251,19.7,421.5833333333333,48.4,50.6,51.7,52.0,52.4,53.3,,,
252,19.9,421.5333333333333,48.6,50.7,51.8,52.0,52.4,53.1,,,
253,20.2,421.98333333333335,48.7,50.8,51.9,52.1,52.5,53.1,,,
254,20.2,422.6666666666667,48.8,50.9,51.9,52.2,52.6,53.0,,,
255,19.9,423.4166666666667,48.9,51.0,52.0,52.3,52.6,53.3,,,
256,20.1,1.6333333333333335,49.0,51.0,52.1,52.4,52.7,53.2,,,
257,20.5,1.6666666666666667,49.0,51.1,52.2,52.4,52.6,53.3,,,
258,20.5,1.6833333333333336,48.9,51.1,52.2,52.4,52.6,53.2,,,
259,20.3,1.7000000000000002,49.0,51.1,52.2,52.4,52.6,53.4,,,
260,20.0,1.7000000000000002,48.9,51.1,52.2,52.4,52.7,53.4,,,
261,20.0,1.6833333333333333,48.8,51.1,52.2,52.4,52.7,53.3,,,
262,20.3,1.6666666666666663,48.8,51.1,52.2,52.4,52.7,53.2,,,
263,20.4,1.6499999999999997,48.8,51.0,52.2,52.4,52.6,53.2,,,
264,20.2,1.7166666666666668,48.7,51.0,52.2,52.4,52.6,53.0,,,
265,20.1,1.6833333333333333,48.7,51.1,52.2,52.4,52.7,53.1,,,
266,20.3,1.9500000000000002,48.7,51.1,52.2,52.4,52.6,53.2,,,
267,20.4,1.6666666666666667,48.7,51.0,52.2,52.4,52.7,53.3,,,
268,20.4,1.6499999999999997,48.6,51.0,52.2,52.4,52.7,53.3,,,
269,20.2,1.6666666666666667,48.6,51.1,52.2,52.4,52.7,53.2,,,
270,20.4,1.7000000000000002,48.6,51.1,52.2,52.4,52.7,53.1,,,
271,20.3,1.6666666666666667,48.5,51.0,52.1,52.4,52.6,53.2,,,
272,20.3,1.6666666666666663,48.5,51.1,52.2,52.4,52.6,53.2,,,
273,20.1,1.6499999999999997,48.5,51.0,52.1,52.4,52.6,53.1,,,
274,20.3,1.633333333333333,48.4,51.0,52.1,52.4,52.7,53.2,,,
275,20.4,1.6666666666666667,48.4,51.0,52.2,52.4,52.7,53.1,,,
276,20.3,1.7000000000000002,48.4,51.1,52.1,52.4,52.7,53.3,,,
277,20.0,1.6666666666666667,48.4,51.0,52.1,52.4,52.6,53.2,,,
278,20.2,1.7000000000000002,48.3,51.0,52.2,52.4,52.6,53.1,,,
279,20.4,1.6500000000000001,48.3,51.0,52.1,52.4,52.7,53.0,,,
280,20.3,1.6833333333333333,48.3,51.0,52.1,52.4,52.7,53.0,,,
281,20.1,1.6666666666666663,48.2,51.0,52.1,52.3,52.6,53.1,,,
282,20.3,1.6499999999999997,48.2,51.0,52.1,52.3,52.6,53.1,,,
283,20.3,1.6666666666666663,48.2,51.0,52.1,52.4,52.6,53.2,,,
284,20.3,1.7,48.2,51.0,52.1,52.4,52.6,53.2,,,
285,20.2,1.6666666666666667,48.2,51.0,52.1,52.3,52.6,53.1,,,
286,20.4,1.6500000000000001,48.1,51.0,52.1,52.3,52.6,53.2,,,
287,20.4,1.7000000000000002,48.1,51.0,52.1,52.3,52.6,53.2,,,
288,20.2,1.6833333333333336,48.1,51.0,52.1,52.3,52.6,53.1,,,
289,20.1,1.666666666666667,48.1,51.0,52.1,52.3,52.7,53.2,,,
290,20.4,1.7166666666666668,48.0,51.0,52.1,52.3,52.6,53.1,,,
291,20.4,1.6666666666666667,48.0,51.0,52.1,52.3,52.6,53.1,,,
292,20.2,1.6500000000000001,48.0,51.0,52.1,52.3,52.6,53.1,,,
293,20.2,1.666666666666667,48.0,51.0,52.1,52.3,52.6,53.2,,,
294,20.4,1.6833333333333336,48.0,51.0,52.1,52.3,52.6,53.1,,,
295,20.3,1.7000000000000002,48.0,51.0,52.1,52.3,52.6,53.1,,,
296,20.3,1.6833333333333333,47.9,51.0,52.1,52.3,52.7,53.1,,,
297,20.4,1.6666666666666667,47.9,51.0,52.1,52.3,52.6,53.1,,,
298,20.4,1.6333333333333335,47.9,51.0,52.1,52.3,52.6,53.1,,,
299,20.3,1.666666666666667,47.9,51.0,52.1,52.3,52.6,53.1,,,
300,20.0,1.7000000000000002,47.9,51.0,52.1,52.3,52.6,53.1,,,
301,20.1,1.7000000000000002,47.8,51.0,52.1,52.3,52.6,53.1,,,
302,20.3,1.6666666666666667,47.8,51.0,52.1,52.3,52.6,53.0,,,
303,20.3,1.6500000000000001,47.8,51.0,52.1,52.3,52.6,52.7,,,
304,20.3,1.6500000000000001,47.8,51.0,52.1,52.3,52.6,53.1,,,
305,20.3,1.6666666666666667,47.8,51.0,52.1,52.3,52.6,53.0,,,
306,20.4,1.6833333333333336,47.7,51.0,52.1,52.3,52.6,53.0,15.8,22.0,3.0
307,20.2,1.6333333333333335,47.7,51.0,52.1,52.3,52.6,53.0,15.1,22.0,3.0
308,20.2,1.7000000000000002,47.7,51.0,52.0,52.3,52.6,52.9,15.0,22.0,3.0
309,20.3,1.7000000000000002,47.7,51.0,52.1,52.3,52.6,52.9,15.0,22.0,3.0
310,20.4,1.6833333333333333,47.7,51.0,52.0,52.3,52.6,52.7,14.9,22.1,3.0
311,20.1,1.6500000000000001,47.7,51.0,52.0,52.3,52.6,52.8,15.0,22.1,3.0
312,20.2,1.7000000000000002,47.7,51.0,52.0,52.3,52.6,52.9,14.9,22.1,3.0
313,20.4,1.7000000000000002,47.6,50.9,52.0,52.3,52.6,52.9,14.9,22.1,3.0
314,20.4,1.6833333333333336,47.6,51.0,52.0,52.3,52.6,52.9,14.9,22.1,3.0
315,20.2,1.6666666666666667,47.6,51.0,52.1,52.3,52.6,52.9,14.9,22.2,3.0
316,20.3,1.6500000000000001,41.8,48.8,51.9,52.2,52.6,52.9,14.9,52.7,3.0
317,20.3,1.633333333333333,37.8,42.4,51.8,52.2,52.5,52.8,14.8,52.7,3.0
318,20.2,1.6666666666666667,34.2,37.5,51.4,52.1,52.5,52.6,14.9,52.6,3.0
319,20.4,76.25,31.8,33.6,51.2,52.0,52.4,52.5,14.9,52.4,3.0
320,20.1,377.1166666666666,29.5,31.4,50.4,51.8,52.3,52.4,14.9,52.3,3.0
321,19.8,305.59999999999997,28.0,29.0,44.0,51.6,52.2,52.4,14.9,52.2,3.0
322,19.9,290.5833333333333,26.4,27.7,38.4,51.5,52.2,52.3,14.9,52.2,3.0
323,20.2,289.01666666666665,25.1,26.0,33.7,51.2,52.0,52.2,14.9,52.1,3.0
324,20.2,286.55,24.3,24.6,30.8,50.7,51.9,51.8,14.9,52.0,2.5166666666666666
325,20.1,285.53333333333336,24.4,24.5,30.9,50.5,51.8,52.1,,,
326,20.0,288.6166666666666,24.4,25.0,31.3,50.4,51.8,52.0,,,
327,20.1,289.5,24.4,25.0,31.3,50.5,51.8,51.8,,,
328,20.2,290.5833333333333,24.4,25.2,31.5,50.5,51.8,51.9,,,
329,20.1,291.16666666666663,24.4,25.4,32.1,50.5,51.8,51.9,,,
330,19.8,292.26666666666665,24.5,25.5,32.2,50.4,51.8,51.9,,,
331,20.1,293.05,24.5,25.7,32.5,50.5,51.8,51.9,,,
332,20.2,293.6666666666667,24.5,25.8,32.8,50.4,51.8,51.8,,,
333,20.2,294.7833333333333,24.6,26.1,33.2,50.4,51.9,51.8,,,
334,20.1,295.8666666666667,24.6,26.3,33.2,50.4,51.8,51.8,,,
335,20.0,296.56666666666666,24.7,26.5,33.4,50.3,51.8,51.9,,,
336,20.2,297.25,24.8,26.7,33.7,50.3,51.8,51.6,,,
337,20.3,298.18333333333334,24.8,26.9,33.9,50.3,51.9,51.7,,,
338,20.2,299.5333333333333,24.8,27.1,34.3,50.3,51.8,51.4,,,
339,19.9,300.3666666666666,24.9,27.3,34.4,50.3,51.8,51.6,,,
340,20.0,300.55,25.0,27.5,34.6,50.2,51.8,51.6,,,
341,20.2,301.5,25.1,27.7,34.8,50.2,51.8,51.7,,,
342,20.2,302.6666666666667,25.2,28.0,35.0,50.2,51.8,51.7,,,
343,19.8,303.1166666666667,25.2,28.2,35.2,50.2,51.8,51.8,17.0,38.8,0.2833333333333333
344,19.9,303.98333333333335,25.4,28.4,35.5,50.1,51.8,51.8,14.9,38.2,1.0
345,20.1,305.01666666666665,25.5,28.6,35.6,50.1,51.8,51.8,15.1,37.7,1.0
346,20.2,305.06666666666666,24.8,28.5,35.4,49.6,51.7,51.5,15.0,51.6,1.0
347,20.1,302.7333333333333,24.3,28.1,35.0,48.6,51.8,51.6,15.0,51.6,1.0
348,19.8,302.35,24.7,28.4,35.1,48.5,51.7,51.4,,,
349,20.1,303.6166666666666,24.7,28.4,35.3,48.3,51.6,51.5,,,
350,20.2,304.31666666666666,24.7,28.6,35.4,48.2,51.7,51.5,,,
351,20.2,305.0166666666667,24.7,28.7,35.7,48.4,51.6,51.7,,,
352,20.0,305.95,24.8,28.9,35.9,48.3,51.6,51.7,,,
353,20.1,306.6666666666667,24.8,29.1,36.1,48.2,51.7,51.7,15.8,46.9,0.3
354,20.3,306.7,25.0,29.2,36.2,48.1,51.7,51.7,14.9,46.1,1.0
355,20.2,307.40000000000003,25.0,29.5,36.4,48.3,51.7,51.7,15.1,45.4,1.0
356,19.9,307.53333333333336,24.7,29.4,36.3,47.1,51.6,51.6,15.0,51.5,1.0
357,20.0,308.43333333333334,24.9,29.7,36.3,46.8,51.5,51.7,,,
358,20.3,307.3833333333333,25.0,29.4,36.4,46.7,51.5,51.1,,,
359,20.2,308.3333333333333,25.0,29.7,36.6,46.4,51.5,51.6,,,
360,20.0,309.25,25.0,29.8,36.9,46.6,51.5,51.5,,,
361,19.8,309.98333333333335,25.2,30.2,36.9,46.6,51.6,51.4,,,
362,20.1,310.8666666666667,25.2,30.3,37.1,46.5,51.5,51.6,,,
363,20.3,311.2,25.4,30.5,37.2,46.7,51.6,51.5,,,
364,20.2,312.8,25.5,30.6,37.4,46.4,51.6,51.5,,,
365,20.0,313.0166666666667,25.6,30.8,37.6,46.5,51.5,51.6,,,
366,20.1,313.6666666666667,25.7,31.1,37.8,46.4,51.6,51.3,,,
367,20.2,313.7833333333333,25.9,31.3,37.9,46.4,51.6,51.2,,,
368,20.3,314.55,26.2,31.5,38.0,46.4,51.5,51.2,,,
369,20.0,315.3333333333333,26.3,31.6,38.1,46.3,51.6,51.4,,,
370,20.1,315.93333333333334,26.4,31.9,38.3,46.4,51.6,51.4,,,
371,20.2,316.6666666666667,26.6,32.1,38.4,46.4,51.5,51.6,,,
372,20.3,317.65000000000003,26.7,32.3,38.5,46.4,51.5,51.3,,,
373,20.0,318.26666666666665,27.0,32.5,38.7,46.3,51.5,51.4,,,
374,19.9,318.93333333333334,27.2,32.7,38.8,46.3,51.5,51.4,,,
375,20.2,319.81666666666666,27.3,32.9,38.9,46.2,51.5,51.4,,,
376,20.2,320.45,27.5,33.1,39.1,46.3,51.5,51.3,,,
377,20.0,321.3833333333333,27.7,33.3,39.2,46.2,51.5,51.3,,,
378,19.9,321.8666666666666,27.9,33.5,39.3,46.2,51.5,51.2,,,
379,20.1,322.90000000000003,28.1,33.6,39.4,46.2,51.4,51.3,,,
380,20.2,323.48333333333335,28.3,33.9,39.5,46.2,51.5,51.3,,,
381,20.2,324.4166666666667,28.5,34.0,39.6,46.2,51.5,51.3,,,
382,19.9,325.21666666666664,28.7,34.2,39.8,46.1,51.4,51.4,,,
383,20.2,325.9666666666667,28.9,34.4,39.9,46.1,51.5,51.2,,,
384,20.2,326.3,29.0,34.6,40.0,46.1,51.5,51.4,,,
385,20.0,327.25,29.2,34.8,40.1,46.1,51.5,51.3,,,
386,19.9,328.03333333333336,29.4,35.0,40.3,46.1,51.5,51.1,,,
387,20.1,328.7166666666667,29.6,35.2,40.4,46.1,51.5,51.1,,,
388,20.3,329.53333333333336,29.8,35.4,40.5,46.1,51.5,51.2,,,
389,20.0,330.0833333333333,30.0,35.6,40.6,46.1,51.5,51.4,,,
390,19.8,331.3333333333333,30.1,35.7,40.7,46.1,51.4,51.4,,,
391,20.1,330.75,30.3,35.9,40.9,46.0,51.4,51.1,,,
392,20.2,332.7166666666667,30.5,36.1,41.0,46.0,51.4,51.4,,,
393,20.0,333.31666666666666,30.7,36.3,41.1,46.0,51.4,51.3,,,
394,19.9,333.75,30.9,36.5,41.2,46.1,51.4,51.2,,,
395,20.2,334.1666666666667,31.0,36.6,41.3,46.0,51.4,50.9,,,
396,20.3,335.4833333333333,31.2,36.8,41.4,46.0,51.4,51.0,,,
397,20.2,335.78333333333336,31.4,37.0,41.6,46.0,51.4,51.0,,,
398,19.9,337.55,31.6,37.2,41.7,46.0,51.4,51.2,,,
399,20.0,337.01666666666665,31.8,37.4,41.8,46.0,51.4,51.2,,,
400,20.2,337.81666666666666,32.0,37.5,41.9,46.0,51.4,51.3,,,
401,20.2,339.1666666666667,32.2,37.7,42.0,46.0,51.4,51.1,,,
402,19.8,339.55,32.3,37.9,42.1,45.9,51.4,51.1,,,
403,20.0,339.9666666666667,32.5,38.1,42.3,45.9,51.4,51.1,,,
404,20.2,340.7333333333333,32.7,38.2,42.4,45.9,51.4,50.9,,,
405,20.2,341.6000000000001,32.9,38.4,42.5,45.9,51.4,51.1,,,
406,20.1,342.3333333333333,33.1,38.6,42.6,45.9,51.4,50.9,,,
407,20.0,343.15000000000003,33.3,38.8,42.8,45.9,51.3,51.0,,,
408,20.2,343.9166666666667,33.5,38.9,42.9,45.9,51.3,51.1,,,
409,20.3,346.13333333333327,33.7,39.1,43.0,45.9,51.3,50.8,,,
410,20.1,345.04999999999995,33.8,39.3,43.1,45.9,51.3,51.0,,,
411,19.9,345.3833333333334,34.0,39.4,43.2,45.9,51.3,51.1,,,
412,20.1,346.3666666666666,34.2,39.6,43.3,45.8,51.3,51.0,,,
413,20.2,347.76666666666665,34.4,39.8,43.5,45.8,51.3,51.2,,,
414,20.2,348.48333333333335,34.6,39.9,43.6,45.8,51.3,51.2,13.6,26.5,1.3333333333333333
415,19.9,348.7166666666667,34.8,40.1,43.7,45.8,51.3,50.9,15.1,26.3,1.7
416,20.0,347.46666666666664,31.1,39.2,43.7,45.0,51.3,51.1,15.0,51.0,1.7
417,20.2,342.8666666666666,29.7,38.8,43.6,44.8,51.1,50.9,15.0,51.0,1.7
418,20.2,337.65000000000003,28.9,35.8,43.2,44.7,50.7,51.0,15.0,51.0,1.7
419,20.0,332.31666666666666,27.5,31.9,43.0,44.6,50.3,50.8,14.9,51.0,1.7
420,19.9,326.56666666666666,26.5,29.7,42.7,44.5,49.7,50.9,14.9,51.0,1.7
421,20.2,321.05,26.6,28.4,42.4,44.5,49.3,51.0,15.0,50.8,0.2833333333333333
422,20.3,322.9166666666667,26.5,29.2,42.5,44.5,49.4,50.4,,,
423,20.1,325.65000000000003,26.5,30.1,42.5,44.4,49.2,50.9,,,
424,19.8,325.26666666666665,26.5,30.3,42.7,44.4,49.4,50.9,,,
425,20.1,326.45,26.6,30.9,42.6,44.5,49.3,50.9,,,
426,20.2,328.1333333333334,26.6,31.3,42.7,44.5,49.2,51.0,,,
427,20.2,328.06666666666666,26.6,31.7,42.8,44.5,49.3,50.7,,,
428,19.9,328.65000000000003,26.7,32.2,42.9,44.5,49.3,50.8,,,
429,20.0,328.59999999999997,26.8,32.7,43.0,44.5,49.2,51.0,,,
430,20.2,330.2,26.8,32.9,43.1,44.5,49.3,50.7,,,
431,20.2,330.51666666666665,26.9,33.4,43.1,44.5,49.2,50.7,,,
432,20.0,330.9166666666667,27.0,33.6,43.2,44.5,49.2,50.8,,,
433,19.9,332.23333333333335,27.2,33.9,43.3,44.5,49.2,50.9,,,
434,20.2,332.06666666666666,27.4,34.3,43.3,44.5,49.2,50.6,,,
435,20.2,333.15000000000003,27.4,34.5,43.4,44.6,49.2,50.7,,,
436,20.1,334.31666666666666,27.7,34.9,43.5,44.6,49.2,50.7,,,
437,19.9,334.55,27.8,35.1,43.6,44.6,49.2,50.8,,,
438,20.0,335.56666666666666,27.9,35.5,43.7,44.6,49.2,50.7,,,
439,20.2,335.56666666666666,28.1,35.8,43.8,44.7,49.2,50.6,,,
440,20.1,337.21666666666664,28.3,36.0,43.9,44.7,49.1,50.4,,,
441,19.9,338.50000000000006,28.4,36.3,44.0,44.7,49.1,50.5,,,
442,20.1,337.7666666666667,28.6,36.6,44.1,44.7,49.1,50.7,,,
443,20.2,339.3833333333333,28.8,36.8,44.1,44.8,49.1,50.6,,,
444,20.3,340.53333333333336,29.0,37.1,44.2,44.8,49.1,50.5,,,
445,20.1,341.6666666666667,29.2,37.3,44.3,44.8,49.1,50.4,,,
446,19.9,341.34999999999997,29.4,37.6,44.4,44.9,49.1,50.6,,,
447,20.2,342.55,29.6,37.8,44.4,44.9,49.1,50.6,,,
448,20.2,343.4333333333334,29.8,38.0,44.5,45.0,49.1,50.5,,,
449,20.1,344.18333333333334,30.1,38.2,44.5,45.0,49.1,50.5,,,
450,19.9,345.53333333333336,30.3,38.4,44.6,45.0,49.0,50.7,,,
451,20.1,345.7166666666667,30.5,38.7,44.6,45.1,49.0,50.7,,,
452,20.3,346.7166666666667,30.7,38.9,44.7,45.1,49.0,50.4,,,
453,20.1,347.2833333333333,30.9,39.1,44.7,45.2,49.0,50.4,,,
454,19.9,348.25,31.2,39.3,44.8,45.2,49.0,50.6,,,
455,20.0,348.4666666666667,31.4,39.5,44.8,45.3,49.0,50.4,,,
456,20.1,348.75,31.6,39.7,44.9,45.3,49.0,50.4,,,
457,20.3,349.6166666666666,31.9,39.9,44.9,45.3,49.0,50.4,,,
458,20.1,351.40000000000003,32.1,40.1,45.0,45.4,48.9,50.4,,,
459,19.9,351.86666666666673,32.3,40.3,45.0,45.4,49.0,50.6,,,
460,20.1,352.26666666666665,32.6,40.4,45.1,45.5,48.9,50.4,,,
461,20.2,352.01666666666665,32.8,40.6,45.1,45.5,48.9,50.3,,,
462,20.1,353.3666666666666,33.0,40.8,45.2,45.6,48.9,50.2,,,
463,19.9,354.7166666666667,33.2,41.0,45.3,45.7,48.9,50.5,,,
464,20.1,355.1666666666667,33.5,41.2,45.3,45.7,48.9,50.3,,,
465,20.2,356.56666666666666,33.7,41.3,45.4,45.8,48.9,50.4,,,
466,20.1,356.48333333333335,34.0,41.5,45.4,45.8,48.9,50.3,,,
467,19.8,356.56666666666666,34.2,41.7,45.5,45.9,48.9,50.2,,,
468,20.1,357.95000000000005,34.4,41.8,45.5,46.0,48.9,50.4,,,
469,20.2,358.5833333333333,34.6,42.0,45.6,46.0,48.9,50.4,,,
470,20.1,358.38333333333327,34.9,42.2,45.7,46.1,48.8,50.2,,,
471,19.9,358.98333333333335,35.1,42.3,45.7,46.1,48.8,50.3,,,
472,19.9,359.3666666666666,35.4,42.5,45.8,46.2,48.8,50.1,,,
473,20.1,360.9666666666667,35.6,42.6,45.9,46.3,48.8,50.3,,,
474,20.2,360.68333333333334,35.8,42.8,45.9,46.3,48.8,50.4,,,
475,20.1,361.8333333333333,36.0,43.0,46.0,46.4,48.8,50.3,,,
476,19.9,362.01666666666665,36.3,43.1,46.1,46.5,48.8,50.4,,,
477,20.2,363.95,36.5,43.3,46.1,46.5,48.8,50.2,,,
478,20.3,363.4166666666667,36.7,43.4,46.2,46.6,48.7,50.2,,,
479,20.2,363.90000000000003,37.0,43.6,46.3,46.7,48.7,49.6,,,
480,19.9,364.70000000000005,37.2,43.7,46.4,46.8,48.6,50.2,,,
481,20.1,364.6333333333334,37.4,43.9,46.4,46.8,48.6,50.1,,,
482,20.2,365.6166666666666,37.6,44.0,46.5,46.9,48.6,50.0,,,
483,20.2,366.20000000000005,37.9,44.1,46.6,46.9,48.5,50.2,,,
484,19.9,367.48333333333335,38.1,44.3,46.6,47.0,48.4,50.2,,,
485,19.7,367.6833333333334,38.3,44.4,46.7,47.1,48.3,50.4,,,
486,20.0,367.4333333333334,38.5,44.6,46.8,47.2,48.2,50.1,,,
487,20.2,368.5833333333333,38.8,44.7,46.9,47.2,48.1,50.1,,,
488,20.2,370.65000000000003,38.9,44.8,46.9,47.3,48.0,49.8,,,
489,19.8,370.1666666666666,39.2,45.0,47.0,47.4,48.0,50.0,,,
490,20.0,370.1666666666667,39.4,45.1,47.1,47.4,48.1,49.8,,,
491,20.1,370.36666666666673,39.6,45.2,47.2,47.5,48.1,50.1,,,
492,20.3,371.84999999999997,39.8,45.4,47.2,47.6,48.1,50.2,,,
493,20.0,372.38333333333327,40.0,45.5,47.3,47.7,48.2,50.2,,,
494,19.7,372.98333333333335,40.2,45.6,47.4,47.7,48.2,49.9,,,
495,20.0,372.5,40.4,45.7,47.5,47.8,48.2,50.1,,,
496,20.2,373.34999999999997,40.6,45.8,47.6,47.8,48.3,49.7,,,
497,20.2,375.43333333333334,40.8,46.0,47.6,48.0,48.3,50.0,,,
498,20.0,375.23333333333335,41.1,46.1,47.7,48.0,48.4,50.0,,,
499,20.1,374.95000000000005,41.2,46.2,47.8,48.1,48.4,49.9,,,
500,20.2,375.65000000000003,41.4,46.3,47.9,48.1,48.5,49.9,,,
501,20.2,377.48333333333335,41.6,46.4,48.0,48.3,48.6,49.7,,,
502,20.0,377.1166666666666,41.8,46.5,48.0,48.3,48.7,50.1,,,
503,19.9,378.8166666666666,42.0,46.6,48.1,48.4,48.7,49.6,,,
504,20.1,377.40000000000003,42.2,46.7,48.2,48.5,48.8,49.6,,,
505,20.2,378.23333333333335,42.4,46.8,48.3,48.5,48.9,50.0,,,
506,20.1,378.6833333333334,42.6,46.9,48.3,48.6,48.9,49.9,,,
507,19.9,379.06666666666666,42.7,47.0,48.4,48.7,48.9,49.6,,,
508,20.1,382.7833333333333,42.9,47.1,48.5,48.8,49.0,49.7,,,
509,20.2,380.79999999999995,43.1,47.2,48.6,48.8,49.1,49.9,,,
510,20.2,382.4166666666666,43.3,47.3,48.6,48.9,49.2,49.9,,,
511,20.0,384.2,43.5,47.4,48.7,48.9,49.2,49.7,,,
512,20.1,382.25,43.7,47.5,48.8,49.0,49.3,49.8,,,
513,20.2,382.55,43.8,47.6,48.9,49.1,49.4,49.9,,,
514,20.1,383.4833333333333,44.0,47.7,48.9,49.2,49.4,49.9,,,
515,19.8,383.51666666666665,44.2,47.8,49.0,49.3,49.5,49.7,,,
516,20.1,385.36666666666673,44.4,47.9,49.1,49.3,49.6,49.8,,,
517,20.1,384.13333333333327,44.5,48.0,49.1,49.4,49.6,49.8,,,
518,20.1,385.8333333333333,44.7,48.1,49.2,49.4,49.7,49.9,,,
519,19.9,385.31666666666666,44.8,48.2,49.3,49.5,49.8,49.6,,,
520,20.0,385.7166666666667,45.0,48.3,49.4,49.6,49.9,49.8,,,
521,20.1,386.8833333333334,45.1,48.4,49.5,49.7,49.9,50.0,,,
522,20.2,387.7166666666667,45.3,48.5,49.5,49.7,49.9,49.8,,,
523,20.2,387.7166666666667,45.5,48.6,49.6,49.7,50.0,50.0,,,
524,19.9,390.06666666666666,45.6,48.6,49.7,49.8,50.0,50.0,,,
525,20.1,388.76666666666665,45.8,48.7,49.7,49.9,50.1,50.1,,,
526,20.3,389.4166666666667,45.9,48.8,49.8,49.9,50.1,50.2,,,
527,20.2,389.7,46.1,48.9,49.9,50.0,50.2,50.2,,,
528,19.8,390.65000000000003,46.2,49.0,49.9,50.0,50.2,50.3,,,
529,19.9,390.6666666666667,46.4,49.1,50.0,50.1,50.3,50.3,,,
530,20.2,390.68333333333334,46.5,49.2,50.0,50.1,50.3,50.4,,,
531,20.3,392.3333333333334,46.7,49.3,50.1,50.2,50.4,50.4,,,
532,20.2,392.2833333333333,46.7,49.3,50.2,50.2,50.4,50.5,,,
533,19.9,392.5833333333333,46.9,49.4,50.2,50.3,50.5,50.5,,,
534,20.1,393.2666666666667,47.1,49.5,50.3,50.3,50.6,50.6,,,
535,20.3,394.18333333333334,47.1,49.6,50.3,50.4,50.6,50.7,,,
536,20.1,394.51666666666665,47.4,49.7,50.4,50.4,50.7,50.7,,,
537,19.7,394.8,47.5,49.8,50.5,50.5,50.7,50.7,,,
538,19.9,396.26666666666665,47.6,49.8,50.5,50.6,50.8,50.8,,,
539,20.2,395.25,47.8,49.9,50.6,50.6,50.8,50.9,,,
540,20.3,396.21666666666664,47.8,50.0,50.6,50.7,50.9,50.9,,,
541,20.3,396.51666666666665,48.0,50.0,50.7,50.7,50.9,51.0,,,
542,20.1,397.8833333333334,48.1,50.1,50.7,50.8,51.0,51.0,,,
543,19.9,397.3,48.1,50.2,50.8,50.9,51.0,51.1,,,
544,20.1,397.45000000000005,48.4,50.2,50.9,50.9,51.1,51.1,,,
545,20.2,398.15000000000003,48.5,50.3,50.9,51.0,51.2,51.2,,,
546,20.2,398.3333333333333,48.6,50.4,51.0,51.1,51.3,51.3,,,
547,20.1,399.2833333333333,48.7,50.4,51.0,51.1,51.3,51.3,,,
548,20.2,399.0833333333333,48.9,50.5,51.1,51.1,51.4,51.4,,,
549,20.3,400.13333333333327,48.9,50.5,51.2,51.2,51.4,51.5,,,
550,20.2,399.95,49.1,50.6,51.2,51.3,51.5,51.5,,,
551,20.0,400.7333333333333,49.1,50.7,51.3,51.3,51.5,51.6,,,
552,19.9,400.9833333333333,49.2,50.7,51.4,51.4,51.6,51.6,,,
553,20.1,400.79999999999995,49.4,50.8,51.4,51.5,51.7,51.7,,,
554,20.3,401.4166666666667,49.4,50.9,51.5,51.5,51.7,51.8,,,
555,20.3,401.93333333333334,49.5,50.9,51.5,51.6,51.8,51.8,,,
556,19.9,402.3333333333333,49.7,51.1,51.6,51.7,51.8,51.9,,,
557,20.0,402.65000000000003,49.7,51.1,51.7,51.7,51.9,51.9,,,
558,20.2,402.79999999999995,49.8,51.1,51.7,51.8,52.0,52.0,,,
559,20.3,403.48333333333335,50.0,51.2,51.8,51.8,52.1,52.1,,,
560,20.1,404.55,50.0,51.3,51.8,51.9,52.1,52.1,,,
561,19.9,404.4666666666667,50.1,51.3,51.9,52.0,52.2,52.2,,,
562,20.2,404.84999999999997,50.2,51.4,52.0,52.0,52.2,52.3,,,
563,20.3,404.8999999999999,50.2,51.5,52.0,52.1,52.3,52.3,,,
564,20.4,1.5833333333333333,50.3,51.5,52.1,52.2,52.4,52.4,,,
565,20.3,1.6500000000000001,50.3,51.5,52.1,52.2,52.4,52.4,,,
566,20.2,1.6833333333333333,50.2,51.6,52.1,52.2,52.4,52.2,,,
567,20.3,1.6833333333333333,50.2,51.5,52.1,52.2,52.3,52.3,,,
568,20.4,1.6833333333333333,50.2,51.6,52.1,52.2,52.4,52.2,,,
569,20.2,1.6833333333333336,50.1,51.6,52.1,52.2,52.4,52.3,,,
570,20.1,1.6499999999999997,50.0,51.5,52.1,52.2,52.4,52.4,,,
571,20.4,1.6666666666666667,50.0,51.5,52.1,52.2,52.3,52.1,,,
572,20.4,1.7000000000000002,50.0,51.6,52.1,52.2,52.4,51.9,,,
573,20.1,1.6666666666666663,49.9,51.5,52.1,52.2,52.3,52.2,,,
574,20.3,1.6833333333333333,49.9,51.5,52.1,52.2,52.3,52.1,,,
575,20.3,1.6666666666666663,49.9,51.5,52.1,52.2,52.3,52.1,,,
576,20.3,1.7333333333333334,49.8,51.6,52.1,52.2,52.3,52.2,,,
577,20.1,1.633333333333333,49.7,51.5,52.1,52.2,52.3,52.2,,,
578,20.2,1.666666666666667,49.8,51.5,52.1,52.2,52.3,52.1,,,
579,20.3,1.6833333333333333,49.7,51.5,52.1,52.2,52.3,52.0,,,
580,20.2,1.7000000000000002,49.6,51.5,52.1,52.1,52.3,52.2,,,
581,20.3,1.6833333333333333,49.6,51.5,52.1,52.1,52.3,52.2,,,
582,20.3,1.6666666666666667,49.6,51.5,52.1,52.1,52.3,52.2,,,
583,20.2,1.6499999999999997,49.5,51.5,52.1,52.1,52.3,52.2,,,
584,20.1,1.6500000000000001,49.5,51.5,52.1,52.1,52.3,52.0,,,
585,20.3,1.6500000000000004,49.4,51.5,52.1,52.1,52.3,52.2,,,
586,20.3,1.6833333333333336,49.4,51.5,52.1,52.1,52.3,52.2,,,
587,20.2,1.6666666666666667,49.4,51.5,52.1,52.1,52.3,52.1,,,
588,20.2,1.6333333333333335,49.3,51.5,52.1,52.1,52.3,52.2,,,
589,20.3,1.6500000000000001,49.3,51.5,52.1,52.1,52.3,52.2,,,
590,20.3,1.6833333333333336,49.3,51.5,52.1,52.1,52.3,52.2,,,
591,20.0,1.6833333333333336,49.3,51.5,52.1,52.1,52.3,52.2,,,
592,20.2,1.6666666666666667,49.2,51.5,52.0,52.1,52.3,52.1,,,
593,20.4,1.6666666666666667,49.2,51.5,52.1,52.1,52.3,52.2,,,
594,20.3,1.6666666666666667,49.2,51.5,52.1,52.1,52.3,51.9,,,
595,20.3,1.6333333333333335,49.1,51.5,52.0,52.1,52.3,52.0,,,
596,20.3,1.7000000000000002,49.1,51.5,52.0,52.1,52.3,52.2,,,
597,20.4,1.7166666666666666,49.1,51.5,52.0,52.1,52.3,52.2,,,
598,20.2,1.6666666666666667,49.1,51.5,52.0,52.1,52.3,52.1,,,
599,20.2,1.6500000000000001,49.0,51.5,52.0,52.1,52.3,52.0,,,
600,20.4,1.6500000000000001,49.0,51.5,52.0,52.1,52.3,52.0,,,
601,20.4,1.6833333333333336,49.0,51.5,52.0,52.1,52.2,52.0,,,
602,20.2,1.7000000000000002,48.9,51.5,52.0,52.1,52.2,52.1,,,
603,20.2,1.6666666666666667,48.9,51.5,52.0,52.1,52.2,52.1,,,
604,20.4,1.6833333333333333,48.9,51.5,52.0,52.1,52.3,52.1,,,
605,20.4,1.6499999999999997,48.9,51.5,52.0,52.1,52.3,52.0,,,
606,20.3,1.7000000000000002,48.9,51.5,52.0,52.1,52.3,52.0,,,
607,20.3,1.666666666666667,48.8,51.5,52.0,52.1,52.3,52.1,,,
608,20.4,1.6333333333333335,48.8,51.5,52.0,52.1,52.2,52.0,,,
609,20.4,1.6833333333333333,48.8,51.5,52.0,52.1,52.2,51.9,,,
610,20.3,1.6333333333333335,48.8,51.5,52.0,52.1,52.2,52.0,,,
611,20.2,1.7000000000000002,48.7,51.5,52.0,52.1,52.2,52.1,,,
612,20.4,1.6833333333333333,48.7,51.5,52.0,52.1,52.2,52.1,,,
613,20.3,1.6500000000000001,48.7,51.5,52.0,52.0,52.2,52.1,,,
614,20.2,1.6500000000000001,48.7,51.5,52.0,52.1,52.2,52.1,,,
615,20.3,1.7166666666666668,48.7,51.5,52.0,52.1,52.2,51.9,,,
616,20.3,1.7000000000000002,48.6,51.5,52.0,52.0,52.2,52.1,,,
617,20.2,1.6666666666666667,48.6,51.5,52.0,52.0,52.2,52.1,,,
618,20.3,1.633333333333333,48.6,51.5,52.0,52.0,52.2,52.2,,,
619,20.4,1.6333333333333335,48.6,51.4,52.0,52.0,52.2,52.1,,,
620,20.2,1.633333333333333,48.6,51.4,52.0,52.0,52.2,52.1,,,
621,20.2,1.6833333333333333,48.6,51.5,52.0,52.0,52.2,52.2,,,
622,20.4,1.6833333333333333,48.5,51.5,52.0,52.0,52.2,52.0,,,
623,20.3,1.6499999999999997,48.5,51.5,52.0,52.0,52.2,52.0,,,
624,20.1,1.6499999999999997,48.5,51.4,52.0,52.0,52.2,52.1,,,
625,20.2,1.6499999999999997,48.5,51.4,52.0,52.0,52.2,52.0,,,
626,20.5,1.6833333333333333,48.5,51.4,51.9,52.0,52.2,52.1,,,
627,20.4,1.6666666666666667,48.4,51.4,52.0,52.0,52.2,52.1,,,
628,20.2,1.6833333333333333,48.4,51.4,51.9,52.0,52.2,52.1,,,
629,20.3,1.6666666666666667,48.4,51.4,52.0,52.0,52.2,52.1,,,
630,20.3,1.6499999999999997,48.4,51.4,51.9,52.0,52.2,51.9,,,
631,20.3,1.6666666666666667,48.4,51.4,51.9,52.0,52.2,52.1,,,
632,20.2,1.6666666666666663,48.3,51.4,51.9,52.0,52.2,51.8,,,
633,20.2,1.633333333333333,48.3,51.4,51.9,52.0,52.2,51.9,,,
634,20.3,1.6499999999999997,48.3,51.4,51.9,52.0,52.2,52.0,,,
635,20.4,1.6499999999999997,48.3,51.4,51.9,52.0,52.2,51.9,,,
636,20.2,1.6833333333333333,48.3,51.4,51.9,52.0,52.2,51.9,,,
637,20.4,1.6499999999999997,48.3,51.4,51.9,52.0,52.2,52.0,,,
638,20.4,1.6500000000000001,48.3,51.4,51.9,52.0,52.2,51.9,,,
639,20.1,1.6666666666666667,48.3,51.4,51.9,52.0,52.2,52.0,,,
640,20.2,1.7000000000000002,48.3,51.4,51.9,52.0,52.2,52.1,,,
641,20.4,1.7166666666666668,48.2,51.4,51.9,51.9,52.1,51.8,,,
642,20.3,1.6666666666666667,48.2,51.4,51.9,52.0,52.1,51.9,,,
643,20.1,1.6499999999999997,48.2,51.4,51.9,51.9,52.1,52.0,,,
644,20.3,1.6499999999999997,48.2,51.4,51.9,52.0,52.1,52.0,,,
645,20.3,1.7000000000000002,48.2,51.4,51.9,52.0,52.1,52.1,,,
646,20.3,1.7000000000000002,48.2,51.4,51.9,51.9,52.1,52.0,,,
647,20.2,1.6833333333333333,48.2,51.4,51.9,51.9,52.1,52.0,,,
648,20.5,1.6499999999999997,48.2,51.4,51.9,52.0,52.1,52.1,,,
649,20.3,1.6666666666666663,48.1,51.4,51.9,51.9,52.1,52.1,,,
650,20.1,1.6666666666666663,48.1,51.4,51.9,51.9,52.1,52.0,,,
651,20.2,1.6833333333333333,48.1,51.4,51.9,51.9,52.1,52.0,,,
652,20.4,1.6500000000000001,48.1,51.4,51.9,51.9,52.1,51.9,,,
653,20.5,1.6666666666666667,48.1,51.4,51.9,51.9,52.1,51.9,,,
654,20.2,1.6833333333333333,48.1,51.4,51.9,51.9,52.1,52.0,,,
655,20.3,1.6500000000000001,48.1,51.4,51.9,51.9,52.1,51.9,,,
656,20.4,1.6666666666666667,48.0,51.4,51.9,51.9,52.1,51.9,,,
657,20.3,1.6833333333333336,48.1,51.4,51.9,51.9,52.1,52.0,,,
658,20.2,1.6666666666666667,48.0,51.3,51.9,51.9,52.1,51.9,,,
659,20.3,1.666666666666667,48.0,51.4,51.9,51.9,52.1,51.9,,,
660,20.4,1.6833333333333336,48.0,51.3,51.8,51.9,52.1,52.0,,,
661,20.2,1.6833333333333333,48.0,51.3,51.9,51.9,52.1,52.0,,,
662,20.3,1.6333333333333335,48.0,51.3,51.8,51.9,52.1,51.8,,,
663,20.3,1.7000000000000002,48.0,51.3,51.8,51.9,52.1,51.7,,,
664,20.3,1.6500000000000001,48.0,51.3,51.8,51.9,52.1,51.8,,,
665,20.3,1.666666666666667,48.0,51.3,51.8,51.9,52.1,51.9,,,
666,20.4,1.6666666666666667,48.0,51.3,51.8,51.9,52.1,51.9,,,
667,20.3,1.6500000000000001,47.9,51.3,51.8,51.9,52.0,52.0,,,
668,20.2,1.6500000000000001,47.9,51.3,51.8,51.9,52.0,51.8,,,
669,20.2,1.6500000000000001,47.9,51.3,51.8,51.9,52.1,51.8,,,
670,20.5,1.7000000000000002,47.9,51.3,51.8,51.9,52.1,51.8,,,
671,20.5,1.7000000000000002,47.9,51.3,51.8,51.9,52.1,51.9,,,
672,20.3,1.6666666666666667,47.9,51.3,51.8,51.9,52.0,51.7,,,
673,20.2,1.666666666666667,47.9,51.3,51.8,51.9,52.0,52.0,,,
674,20.4,1.6500000000000001,47.9,51.3,51.8,51.9,52.1,52.0,,,
675,20.3,1.666666666666667,47.9,51.3,51.8,51.9,52.0,52.0,,,
676,20.4,1.7000000000000002,47.9,51.3,51.8,51.9,52.0,51.9,,,
677,20.2,1.666666666666667,47.9,51.3,51.8,51.8,52.0,52.0,,,
678,20.4,1.6666666666666667,47.9,51.3,51.8,51.9,52.0,52.0,,,
679,20.3,1.6500000000000001,47.9,51.3,51.8,51.9,52.0,51.9,,,
680,20.1,1.6666666666666667,47.8,51.3,51.8,51.9,52.0,52.0,,,
681,20.3,1.6499999999999997,47.8,51.3,51.8,51.8,52.0,52.0,,,
682,20.4,1.633333333333333,47.8,51.3,51.8,51.9,52.0,52.0,,,
683,20.3,1.6666666666666667,47.8,51.3,51.8,51.8,52.0,51.7,,,
684,20.3,1.6666666666666667,47.8,51.3,51.8,51.8,52.0,51.8,,,
685,20.4,1.6666666666666667,47.8,51.3,51.8,51.8,52.0,51.9,,,
686,20.3,1.6499999999999997,47.8,51.3,51.8,51.8,52.0,52.0,,,
687,20.2,1.6833333333333333,47.8,51.3,51.8,51.8,52.0,51.8,,,
688,20.1,1.6666666666666667,47.8,51.3,51.8,51.8,52.0,51.4,,,
689,20.4,1.6666666666666667,47.8,51.3,51.8,51.8,52.0,51.9,,,
690,20.4,1.6666666666666667,47.8,51.2,51.8,51.8,52.0,51.7,,,
691,20.3,1.6666666666666663,47.7,51.3,51.8,51.8,52.0,51.8,,,
692,20.1,1.633333333333333,47.8,51.3,51.8,51.8,52.0,51.9,,,
693,20.2,1.6499999999999997,47.8,51.3,51.8,51.8,52.0,51.9,,,
694,20.4,1.6499999999999997,47.7,51.2,51.8,51.8,52.0,51.9,,,
695,20.4,1.6666666666666667,47.7,51.2,51.8,51.8,52.0,51.9,,,
696,20.3,1.6833333333333333,47.7,51.2,51.7,51.8,52.0,51.8,,,
697,20.2,1.633333333333333,47.7,51.2,51.7,51.8,52.0,51.9,,,
698,20.3,1.6499999999999997,47.7,51.2,51.7,51.8,52.0,52.0,,,
699,20.2,1.6500000000000001,47.7,51.2,51.7,51.8,52.0,51.9,,,
700,20.1,1.7000000000000002,47.7,51.2,51.7,51.8,52.0,51.9,,,
701,20.4,1.6833333333333336,47.7,51.2,51.7,51.8,51.9,51.9,,,
702,20.3,1.666666666666667,47.7,51.2,51.7,51.8,52.0,51.7,,,
703,20.2,1.6666666666666667,47.7,51.2,51.7,51.8,52.0,51.9,,,
704,20.2,1.6499999999999997,47.7,51.2,51.7,51.8,51.9,51.8,,,
705,20.3,1.6666666666666667,47.7,51.2,51.7,51.8,51.9,51.8,,,
706,20.3,1.6666666666666667,47.6,51.2,51.7,51.7,51.9,51.6,,,
707,20.2,1.6666666666666663,47.6,51.2,51.7,51.8,51.9,51.9,,,
708,20.4,1.6666666666666663,47.6,51.2,51.7,51.8,51.9,51.8,,,
709,20.3,1.6499999999999997,47.6,51.2,51.7,51.8,51.9,51.8,,,
710,20.2,1.6499999999999997,47.6,51.2,51.7,51.8,51.9,51.9,,,
711,20.3,1.6666666666666667,47.6,51.2,51.7,51.8,51.9,51.7,,,
712,20.4,1.6499999999999997,47.6,51.2,51.7,51.7,51.9,51.7,,,
713,20.1,1.6833333333333333,47.6,51.2,51.7,51.7,51.9,51.6,,,
714,20.3,1.6833333333333333,47.6,51.2,51.7,51.7,51.9,51.7,,,
715,20.4,1.6833333333333336,47.6,51.2,51.7,51.7,51.9,51.8,,,
716,20.3,1.6500000000000001,47.6,51.2,51.7,51.7,51.9,51.8,,,
717,20.1,1.6500000000000001,47.6,51.2,51.7,51.7,51.9,51.8,,,
718,20.3,1.6666666666666667,47.6,51.2,51.7,51.7,51.9,51.7,,,
719,20.4,1.6500000000000001,47.6,51.2,51.7,51.7,51.9,51.8,,,
720,20.2,1.7000000000000002,47.6,51.1,51.7,51.7,51.9,51.8,,,
721,20.2,1.6499999999999997,47.5,51.1,51.7,51.7,51.9,51.8,,,
722,20.5,1.666666666666667,47.6,51.2,51.7,51.7,51.9,51.9,,,
723,20.4,1.6500000000000001,47.5,51.2,51.7,51.7,51.9,51.6,,,
724,20.2,1.6666666666666667,47.5,51.1,51.7,51.7,51.9,51.8,,,
725,20.2,1.6833333333333336,47.5,51.1,51.7,51.7,51.9,51.9,,,
726,20.4,1.5999999999999999,47.5,51.1,51.7,51.7,51.9,51.7,,,
727,20.4,1.6500000000000001,47.5,51.1,51.7,51.7,51.9,51.8,,,
728,20.1,1.6166666666666665,47.5,51.1,51.7,51.7,51.9,51.7,,,
729,20.2,1.666666666666667,47.5,51.1,51.6,51.7,51.9,51.8,,,
730,20.3,1.6833333333333333,47.5,51.1,51.6,51.7,51.9,51.7,,,
731,20.3,1.6500000000000001,47.5,51.1,51.7,51.7,51.9,51.7,,,
732,20.2,1.6166666666666665,47.5,51.1,51.6,51.7,51.8,51.4,,,
733,20.2,1.6500000000000001,47.5,51.1,51.6,51.7,51.9,51.7,,,
734,20.4,1.666666666666667,47.5,51.1,51.7,51.7,51.9,51.8,,,
735,20.3,1.7000000000000002,47.5,51.1,51.6,51.7,51.9,51.8,,,
736,20.4,1.6166666666666665,47.5,51.1,51.6,51.7,51.9,51.7,,,
737,20.3,1.6500000000000001,47.5,51.1,51.6,51.7,51.8,51.8,,,
738,20.1,1.6166666666666665,47.5,51.1,51.6,51.7,51.8,51.8,,,
739,20.3,1.666666666666667,47.5,51.1,51.6,51.7,51.8,51.6,,,
740,20.4,1.6666666666666667,47.5,51.1,51.6,51.7,51.8,51.7,,,
741,20.2,1.666666666666667,47.5,51.1,51.6,51.7,51.8,51.6,,,
742,20.2,1.6500000000000001,47.4,51.1,51.6,51.7,51.8,51.6,,,
743,20.4,1.6500000000000004,47.4,51.1,51.6,51.7,51.8,51.6,,,
744,20.3,1.633333333333333,47.4,51.1,51.6,51.6,51.8,51.7,,,
745,20.2,1.6833333333333333,47.4,51.1,51.6,51.6,51.8,51.8,,,
746,20.3,1.6833333333333336,47.4,51.1,51.6,51.6,51.8,51.6,,,
747,20.3,1.666666666666667,47.4,51.1,51.6,51.6,51.8,51.7,,,
748,20.2,1.6500000000000001,47.4,51.0,51.6,51.6,51.8,51.6,,,
749,20.1,1.666666666666667,47.4,51.1,51.6,51.6,51.8,51.6,,,
750,20.5,1.6833333333333333,47.4,51.0,51.6,51.6,51.8,51.6,,,
751,20.5,1.6666666666666667,47.4,51.0,51.6,51.6,51.8,51.8,,,
752,20.2,1.6500000000000001,47.4,51.0,51.6,51.6,51.8,51.5,,,
753,20.2,1.6500000000000001,47.4,51.0,51.6,51.6,51.8,51.8,,,
754,20.3,1.6500000000000004,47.4,51.0,51.6,51.6,51.8,51.7,,,
755,20.4,1.6500000000000001,47.4,51.0,51.6,51.6,51.8,51.8,,,
756,20.4,1.6500000000000001,47.4,51.0,51.6,51.6,51.8,51.7,,,
757,20.1,1.6833333333333333,47.4,51.0,51.6,51.6,51.8,51.7,,,
758,20.2,1.6499999999999997,47.4,51.0,51.6,51.6,51.8,51.6,,,
759,20.4,1.6499999999999997,47.4,51.0,51.6,51.6,51.8,51.6,,,
760,20.3,1.6499999999999997,47.4,51.0,51.6,51.6,51.8,51.5,,,
761,20.3,1.6166666666666665,47.4,51.0,51.6,51.6,51.8,51.5,,,
762,20.3,1.6499999999999997,47.4,51.0,51.6,51.6,51.8,51.7,,,
763,20.4,1.6499999999999997,47.3,51.0,51.5,51.6,51.8,51.6,,,
764,20.3,1.6666666666666667,47.3,51.0,51.6,51.6,51.7,51.6,,,
765,20.0,1.7166666666666666,47.3,51.0,51.5,51.6,51.8,51.6,,,
766,20.1,1.6166666666666665,47.3,51.0,51.5,51.6,51.8,51.7,,,
767,20.4,1.6499999999999997,47.3,51.0,51.5,51.6,51.8,51.6,,,
768,20.3,1.6499999999999997,47.3,51.0,51.5,51.6,51.8,51.7,,,
769,20.1,1.6666666666666667,47.3,51.0,51.5,51.6,51.8,51.6,,,
770,20.3,1.6833333333333333,47.3,51.0,51.5,51.6,51.7,51.6,,,
771,20.4,1.633333333333333,47.3,51.0,51.5,51.6,51.7,51.4,,,
772,20.4,1.633333333333333,47.3,51.0,51.5,51.6,51.7,51.7,,,
773,20.2,1.6666666666666663,47.3,51.0,51.5,51.6,51.7,51.6,,,
774,20.3,1.6666666666666667,47.3,51.0,51.5,51.6,51.7,51.4,,,
775,20.4,1.6666666666666663,47.3,50.9,51.5,51.6,51.7,51.6,,,
776,20.3,1.6666666666666667,47.3,50.9,51.5,51.6,51.7,51.5,,,
777,20.2,1.6499999999999997,47.3,51.0,51.5,51.6,51.7,51.4,,,
778,20.3,1.633333333333333,47.3,50.9,51.5,51.5,51.7,51.5,,,
779,20.3,1.6499999999999997,47.3,50.9,51.5,51.6,51.7,51.6,,,
780,20.3,1.6833333333333333,47.3,50.9,51.5,51.6,51.7,51.7,,,
781,20.3,1.6499999999999997,47.3,50.9,51.5,51.5,51.7,51.7,,,
782,20.2,1.6833333333333333,47.3,50.9,51.5,51.5,51.7,51.3,,,
783,20.2,1.633333333333333,47.3,50.9,51.5,51.5,51.7,51.3,,,
784,20.4,1.6500000000000001,47.3,50.9,51.5,51.5,51.7,51.5,,,
785,20.3,1.6833333333333336,47.3,50.9,51.5,51.5,51.7,51.5,,,
786,20.2,1.6666666666666667,47.2,50.9,51.5,51.5,51.7,51.5,,,
787,20.2,1.6666666666666667,47.3,50.9,51.5,51.5,51.7,51.4,,,
788,20.4,1.6499999999999997,47.2,50.9,51.5,51.5,51.7,51.5,,,
789,20.3,1.6666666666666663,47.2,50.9,51.5,51.5,51.7,51.6,,,
790,20.1,1.633333333333333,47.2,50.9,51.5,51.5,51.7,51.6,,,
791,20.2,1.6666666666666667,47.2,50.9,51.5,51.5,51.7,51.5,,,
792,20.4,1.6333333333333335,47.2,50.9,51.5,51.5,51.7,51.6,,,
793,20.4,1.666666666666667,47.2,50.9,51.5,51.5,51.7,51.6,,,
794,20.2,1.666666666666667,47.2,50.9,51.5,51.5,51.7,51.5,,,
795,20.2,1.6666666666666667,47.2,50.9,51.5,51.5,51.7,51.6,,,
796,20.4,1.5999999999999999,47.2,50.9,51.5,51.5,51.7,51.6,,,
797,20.4,1.6500000000000001,47.2,50.9,51.4,51.5,51.7,51.6,,,
798,20.1,1.6500000000000001,47.2,50.8,51.4,51.5,51.7,51.5,,,
799,20.2,1.6666666666666667,47.2,50.8,51.5,51.5,51.7,51.6,,,
800,20.3,1.6500000000000001,47.2,50.9,51.4,51.5,51.7,51.6,,,
801,20.2,1.6333333333333335,47.2,50.8,51.4,51.5,51.6,51.6,,,
802,20.2,1.6166666666666665,47.2,50.8,51.4,51.5,51.6,51.6,,,
803,20.3,1.6333333333333335,47.2,50.8,51.4,51.5,51.6,51.4,,,
804,20.3,1.6833333333333336,47.2,50.8,51.4,51.5,51.6,51.4,,,
805,20.2,1.6666666666666667,47.2,50.8,51.4,51.5,51.6,51.5,,,
806,20.2,1.6333333333333335,47.2,50.8,51.4,51.5,51.6,51.4,,,
807,20.4,1.6833333333333336,47.2,50.8,51.4,51.5,51.6,51.5,,,
808,20.3,1.7166666666666668,47.2,50.8,51.4,51.5,51.6,51.5,,,
809,20.1,1.6500000000000001,47.2,50.8,51.4,51.5,51.6,51.5,,,
810,20.2,1.6333333333333335,47.2,50.8,51.4,51.5,51.6,51.6,,,
811,20.3,1.6500000000000001,47.2,50.8,51.4,51.4,51.6,51.4,,,
812,20.2,1.6500000000000001,47.2,50.8,51.4,51.4,51.6,51.5,,,
813,20.1,1.7000000000000002,47.2,50.8,51.4,51.5,51.6,51.5,,,
814,20.4,1.6833333333333336,47.1,50.8,51.4,51.4,51.6,51.5,,,
815,20.4,1.6833333333333333,47.2,50.8,51.4,51.4,51.6,51.6,,,
816,20.3,1.6333333333333335,47.1,50.8,51.4,51.4,51.6,51.5,,,
817,20.3,1.6333333333333335,47.1,50.8,51.4,51.4,51.6,51.5,,,
818,20.4,1.7000000000000002,47.1,50.8,51.4,51.4,51.6,51.4,,,
819,20.4,1.6666666666666667,47.1,50.8,51.4,51.4,51.6,51.4,,,
820,20.1,1.6833333333333333,47.2,50.8,51.4,51.4,51.6,51.5,,,
821,20.1,1.7,47.1,50.7,51.4,51.4,51.6,51.4,,,
822,20.4,1.6666666666666667,47.1,50.7,51.4,51.4,51.6,51.4,,,
823,20.4,1.6666666666666667,47.1,50.8,51.4,51.4,51.6,51.2,,,
824,20.1,1.6500000000000001,47.1,50.7,51.4,51.4,51.6,51.5,,,
825,20.2,1.6666666666666667,47.1,50.7,51.4,51.4,51.6,51.5,,,
826,20.4,1.666666666666667,47.1,50.7,51.4,51.4,51.6,51.5,,,
827,20.2,1.6833333333333336,47.1,50.7,51.4,51.4,51.6,51.4,,,
828,20.2,1.7000000000000002,47.1,50.7,51.4,51.4,51.6,51.5,,,
829,20.4,1.666666666666667,47.1,50.7,51.4,51.4,51.6,51.4,,,
830,20.4,1.6500000000000001,47.1,50.7,51.4,51.4,51.6,51.5,,,
831,20.2,1.6500000000000001,47.1,50.7,51.4,51.4,51.6,51.5,,,
832,20.2,1.6500000000000001,47.1,50.7,51.3,51.4,51.6,51.3,,,
833,20.2,1.6500000000000001,47.1,50.7,51.3,51.4,51.6,51.2,,,
834,20.4,1.6500000000000001,47.1,50.7,51.3,51.4,51.6,51.4,,,
835,20.3,1.6833333333333333,47.1,50.7,51.3,51.4,51.6,51.5,,,
836,20.1,1.7,47.1,50.7,51.3,51.4,51.6,51.4,,,
837,20.2,1.6833333333333333,47.1,50.7,51.3,51.4,51.6,51.2,,,
838,20.3,1.6499999999999997,47.1,50.7,51.3,51.4,51.5,51.5,,,
839,20.4,1.6499999999999997,47.1,50.7,51.3,51.4,51.5,51.5,,,
840,20.2,1.6499999999999997,47.1,50.7,51.3,51.4,51.5,51.4,,,
841,20.3,1.6666666666666667,47.1,50.7,51.3,51.4,51.5,51.4,,,
842,20.4,1.6666666666666667,47.1,50.7,51.3,51.4,51.5,51.5,,,
843,20.2,1.6666666666666667,47.1,50.7,51.3,51.4,51.5,51.5,,,
844,20.2,1.6499999999999997,47.1,50.7,51.3,51.4,51.5,51.4,,,
845,20.3,1.633333333333333,47.1,50.7,51.3,51.4,51.5,51.2,,,
846,20.4,1.633333333333333,47.1,50.6,51.3,51.3,51.5,51.5,,,
847,20.2,1.6833333333333333,47.1,50.6,51.3,51.3,51.5,51.3,,,
848,20.2,1.6499999999999997,47.1,50.6,51.3,51.3,51.5,51.4,,,
849,20.4,1.6499999999999997,47.1,50.6,51.3,51.3,51.5,51.4,,,
850,20.3,1.6666666666666667,47.0,50.6,51.3,51.3,51.5,51.4,,,
851,20.2,1.6499999999999997,47.0,50.6,51.3,51.3,51.5,51.4,,,
852,20.2,1.6666666666666667,47.1,50.6,51.3,51.3,51.5,51.4,,,
853,20.4,1.6499999999999997,47.0,50.6,51.3,51.3,51.5,51.4,,,
854,20.4,1.633333333333333,47.0,50.6,51.3,51.3,51.5,51.4,,,
855,20.2,1.6499999999999997,47.0,50.6,51.3,51.3,51.5,51.5,,,
856,20.2,1.6499999999999997,47.0,50.6,51.3,51.3,51.5,51.5,,,
857,20.4,1.6833333333333333,47.0,50.6,51.3,51.3,51.5,51.3,,,
858,20.2,1.6499999999999997,47.0,50.6,51.3,51.3,51.5,51.4,,,
859,20.1,1.633333333333333,47.0,50.6,51.3,51.3,51.5,51.4,,,
860,20.3,1.633333333333333,47.0,50.6,51.3,51.3,51.5,51.4,,,
861,20.4,1.6499999999999997,47.0,50.6,51.3,51.3,51.5,51.4,,,
862,20.3,1.6666666666666667,47.0,50.6,51.3,51.3,51.5,51.4,,,
863,20.3,1.6666666666666663,47.0,50.6,51.3,51.3,51.5,51.4,,,
864,20.5,1.6666666666666663,47.0,50.6,51.3,51.3,51.5,50.9,,,
865,20.4,1.6833333333333333,47.0,50.6,51.3,51.3,51.4,51.2,,,
866,20.0,1.6833333333333333,47.0,50.6,51.2,51.3,51.4,51.4,,,
867,20.1,1.6500000000000001,47.0,50.6,51.2,51.3,51.5,51.2,,,
868,20.3,1.6166666666666665,47.0,50.6,51.2,51.3,51.5,51.2,,,
869,20.4,1.6499999999999997,47.0,50.5,51.2,51.3,51.5,51.4,,,
870,20.2,1.6499999999999997,47.0,50.6,51.2,51.3,51.5,51.1,,,
871,20.1,1.6833333333333336,47.0,50.5,51.2,51.3,51.4,51.3,,,
872,20.3,1.7000000000000002,47.0,50.5,51.2,51.3,51.4,51.3,,,
873,20.4,1.6666666666666667,47.0,50.5,51.2,51.3,51.4,51.4,,,
874,20.3,1.6499999999999997,47.0,50.5,51.2,51.3,51.4,51.4,,,
875,20.2,1.633333333333333,47.0,50.5,51.2,51.3,51.4,51.3,,,
876,20.4,1.6833333333333333,47.0,50.5,51.2,51.3,51.4,51.2,,,
877,20.3,1.633333333333333,47.0,50.5,51.2,51.3,51.4,51.3,,,
878,20.2,1.6666666666666663,47.0,50.5,51.2,51.3,51.4,51.1,,,
879,20.2,1.6666666666666667,47.0,50.5,51.2,51.2,51.4,51.4,,,
880,20.4,1.6833333333333333,47.0,50.5,51.2,51.2,51.4,51.2,,,
881,20.3,1.6833333333333333,47.0,50.5,51.2,51.2,51.4,51.3,,,
882,20.2,1.6500000000000001,47.0,50.5,51.2,51.3,51.4,51.3,,,
883,20.1,1.6500000000000001,47.0,50.5,51.2,51.2,51.4,51.2,,,
884,20.3,1.6500000000000001,47.0,50.5,51.2,51.2,51.4,51.3,,,
885,20.3,1.6500000000000001,47.0,50.5,51.2,51.2,51.4,51.3,,,
886,20.1,1.7166666666666668,47.0,50.5,51.2,51.2,51.4,51.4,,,
887,20.1,1.6500000000000001,47.0,50.5,51.2,51.2,51.4,51.3,,,
888,20.4,1.6500000000000001,47.0,50.5,51.2,51.2,51.4,51.2,,,
889,20.4,1.6500000000000001,46.9,50.5,51.2,51.2,51.4,51.2,,,
890,20.2,1.666666666666667,46.9,50.5,51.2,51.2,51.4,51.3,,,
891,20.1,1.6500000000000001,46.9,50.5,51.2,51.2,51.4,51.2,,,
892,20.3,1.6333333333333335,47.0,50.5,51.2,51.2,51.4,51.1,,,
893,20.3,1.6833333333333336,46.9,50.4,51.2,51.2,51.4,51.2,,,
894,20.2,1.6666666666666667,46.9,50.4,51.2,51.2,51.4,51.3,,,
895,20.2,1.7000000000000002,46.9,50.4,51.2,51.2,51.4,51.2,,,
896,20.4,1.6166666666666665,46.9,50.4,51.2,51.2,51.4,51.2,,,
897,20.3,1.666666666666667,46.9,50.4,51.2,51.2,51.4,51.1,,,
898,20.1,1.633333333333333,46.9,50.4,51.2,51.2,51.4,51.1,,,
899,20.2,1.6500000000000001,46.9,50.4,51.1,51.2,51.4,51.3,,,
900,20.4,1.6833333333333336,46.9,50.4,51.1,51.2,51.3,51.3,,,
901,20.3,1.6666666666666667,46.9,50.4,51.1,51.2,51.4,51.2,,,
902,20.3,1.6500000000000001,46.9,50.4,51.1,51.2,51.4,51.1,,,
903,20.2,1.6333333333333335,46.9,50.4,51.1,51.2,51.3,51.2,,,
904,20.3,1.6500000000000001,46.9,50.4,51.1,51.2,51.3,51.2,,,
905,20.2,1.6500000000000004,46.9,50.4,51.1,51.2,51.3,51.1,,,
906,20.2,1.6499999999999997,46.9,50.4,51.1,51.2,51.3,51.3,,,
907,20.3,1.666666666666667,46.9,50.4,51.1,51.2,51.3,51.3,,,
908,20.5,1.6499999999999997,46.9,50.4,51.1,51.2,51.3,51.3,,,
909,20.2,1.6833333333333336,46.9,50.4,51.1,51.2,51.3,51.2,,,
910,20.3,1.6666666666666667,46.9,50.4,51.1,51.2,51.3,51.3,,,
911,20.4,1.6166666666666665,46.9,50.4,51.1,51.2,51.3,51.2,,,
912,20.3,1.6333333333333335,46.9,50.4,51.1,51.1,51.3,51.3,,,
913,20.2,1.633333333333333,46.9,50.4,51.1,51.2,51.3,51.3,,,
914,20.2,1.6333333333333335,46.9,50.4,51.1,51.2,51.3,51.1,,,
915,20.3,1.7000000000000002,46.9,50.3,51.1,51.1,51.3,51.2,,,
916,20.3,1.6833333333333336,46.9,50.3,51.1,51.1,51.3,51.3,,,
917,20.2,1.6833333333333333,46.9,50.3,51.1,51.1,51.3,51.2,,,
918,20.3,1.6500000000000001,46.9,50.3,51.1,51.1,51.3,51.2,,,
919,20.4,1.666666666666667,46.9,50.3,51.1,51.1,51.3,51.2,,,
920,20.2,1.6333333333333335,46.9,50.3,51.1,51.1,51.3,51.3,,,
921,20.2,1.6666666666666667,46.9,50.3,51.1,51.1,51.3,51.3,,,
922,20.4,1.666666666666667,46.9,50.3,51.1,51.1,51.3,51.3,,,
923,20.2,1.6500000000000004,46.9,50.3,51.1,51.1,51.3,51.2,,,
924,20.1,1.666666666666667,46.9,50.3,51.1,51.1,51.3,51.2,,,
925,20.2,1.6666666666666667,46.9,50.3,51.1,51.1,51.3,51.0,,,
926,20.4,1.6666666666666667,46.9,50.3,51.1,51.1,51.3,51.2,,,
927,20.4,1.6166666666666665,46.9,50.3,51.1,51.1,51.3,51.2,,,
928,20.3,1.6666666666666667,46.9,50.3,51.1,51.1,51.3,51.2,,,
929,20.4,1.666666666666667,46.9,50.3,51.1,51.1,51.3,51.2,,,
930,20.4,1.6500000000000001,46.9,50.3,51.1,51.1,51.3,51.1,,,
931,20.3,1.666666666666667,46.8,50.3,51.1,51.1,51.3,51.1,,,
932,20.1,1.6166666666666665,46.9,50.3,51.1,51.1,51.3,51.1,,,
933,20.1,1.6499999999999997,46.8,50.3,51.1,51.1,51.3,51.2,,,
934,20.4,1.666666666666667,46.8,50.3,51.0,51.1,51.3,51.1,,,
935,20.3,1.6666666666666667,46.9,50.3,51.0,51.1,51.2,51.0,,,
936,20.1,1.6666666666666667,46.8,50.3,51.0,51.1,51.2,51.0,,,
937,20.3,1.6833333333333333,46.8,50.2,51.0,51.1,51.2,51.2,,,
938,20.4,1.6833333333333333,46.8,50.3,51.0,51.1,51.3,51.0,,,
939,20.3,1.6833333333333333,46.8,50.3,51.0,51.1,51.3,51.1,,,
940,20.2,1.7000000000000002,46.8,50.3,51.0,51.1,51.2,50.9,,,
941,20.2,1.633333333333333,46.8,50.2,51.0,51.1,51.2,51.1,,,
942,20.4,1.6666666666666663,46.8,50.2,51.0,51.1,51.2,51.1,,,
943,20.4,1.6499999999999997,46.8,50.2,51.0,51.1,51.2,51.0,,,
944,20.1,1.6833333333333333,46.8,50.2,51.0,51.1,51.2,51.2,,,
945,20.2,1.6666666666666667,46.8,50.2,51.0,51.0,51.2,51.2,15.3,23.0,2.466666666666667
946,20.3,1.6666666666666667,41.9,48.0,51.0,51.0,51.2,51.1,15.1,51.0,3.0
947,20.3,1.6666666666666663,37.9,41.6,50.9,51.0,51.2,50.8,15.0,51.0,3.0
948,20.2,1.6666666666666667,34.9,37.7,50.6,50.9,51.2,51.0,14.9,51.0,3.0
949,20.3,50.26666666666667,31.6,34.4,50.5,50.8,51.1,51.2,14.9,51.0,3.0
950,20.1,318.98333333333335,29.7,30.7,49.5,50.7,51.1,51.1,14.9,50.9,2.5166666666666666
951,19.8,352.8833333333334,29.9,30.4,49.1,50.7,51.0,51.0,,,
952,20.1,346.2833333333333,29.9,30.8,48.5,50.7,51.0,51.0,,,
953,20.2,339.90000000000003,29.9,30.9,47.9,50.7,51.0,50.8,,,
954,20.0,356.34999999999997,30.0,31.2,47.6,50.7,51.0,50.9,,,
955,19.9,363.06666666666666,30.0,31.5,47.9,50.7,51.0,50.9,,,
956,20.1,353.43333333333334,30.1,31.9,47.6,50.7,51.0,50.8,,,
957,20.2,345.7,30.1,32.2,47.7,50.6,51.0,50.9,,,
958,19.9,344.0833333333333,30.2,32.5,47.7,50.7,51.0,50.8,,,
959,19.8,344.5,30.3,32.9,47.6,50.7,51.0,51.0,,,
960,20.2,344.7333333333333,30.4,33.1,47.6,50.7,51.0,50.9,,,
961,20.3,345.7833333333333,30.5,33.3,47.6,50.7,51.0,50.9,,,
962,19.9,348.0,30.5,33.7,47.6,50.6,51.0,50.6,,,
963,19.8,350.83333333333326,30.7,34.0,47.6,50.6,51.0,50.9,,,
964,20.2,351.84999999999997,30.8,34.3,47.7,50.6,51.0,50.9,,,
965,20.3,352.6166666666666,30.9,34.6,47.7,50.6,51.0,50.5,,,
966,20.0,353.31666666666666,31.0,34.8,47.6,50.6,51.0,50.8,,,
967,19.8,355.05,31.1,35.1,47.7,50.6,51.0,50.7,,,
968,19.9,356.5,31.3,35.4,47.7,50.7,50.9,50.9,,,
969,20.3,357.3,31.3,35.7,47.7,50.6,51.0,50.7,,,
970,20.2,358.99999999999994,31.4,36.0,47.8,50.6,50.9,50.4,,,
971,19.9,359.86666666666673,31.6,36.2,47.8,50.6,50.9,50.9,,,
972,19.8,361.29999999999995,31.7,36.5,47.9,50.6,50.9,50.7,,,
973,20.2,362.1333333333334,31.9,36.7,47.9,50.6,50.9,50.9,,,
974,20.3,362.76666666666665,32.1,37.0,48.0,50.6,50.9,50.5,,,
975,20.0,363.98333333333335,32.2,37.3,48.0,50.6,50.9,50.5,,,
976,19.9,365.06666666666666,32.4,37.5,48.1,50.6,50.9,50.9,,,
977,20.1,366.2,32.5,37.8,48.1,50.6,50.9,50.5,,,
978,20.4,366.98333333333335,32.7,38.0,48.3,50.6,50.9,50.3,,,
979,20.0,368.01666666666665,32.8,38.3,48.3,50.6,50.9,50.7,,,
980,19.8,369.25,33.0,38.5,48.4,50.6,50.9,50.7,,,
981,20.2,369.56666666666666,33.2,38.8,48.5,50.6,50.9,50.4,,,
982,20.2,370.6166666666666,33.3,39.0,48.5,50.6,50.9,50.5,,,
983,19.9,371.63333333333327,33.5,39.2,48.6,50.7,50.8,50.4,,,
984,19.9,372.34999999999997,33.7,39.5,48.7,50.7,50.8,50.4,,,
985,20.2,375.9166666666667,33.9,39.7,48.8,50.7,50.8,50.8,,,
986,20.3,373.9166666666667,34.1,40.0,48.8,50.6,50.9,50.9,,,
987,20.1,374.8333333333333,34.2,40.2,48.9,50.6,50.8,50.7,,,
988,19.8,376.01666666666665,34.4,40.4,49.0,50.7,50.9,50.3,,,
989,20.1,376.7666666666667,34.6,40.6,49.1,50.7,50.8,50.4,,,
990,20.4,377.2333333333333,34.8,40.9,49.2,50.7,50.8,50.5,,,
991,20.2,378.9166666666667,35.0,41.1,49.3,50.7,50.8,50.4,,,
992,19.9,379.56666666666666,35.2,41.3,49.4,50.7,50.8,50.5,,,
993,20.1,380.26666666666665,35.4,41.5,49.5,50.7,50.8,50.8,,,
994,20.3,381.45000000000005,35.6,41.8,49.6,50.7,50.9,50.6,,,
995,20.1,381.93333333333334,35.8,42.0,49.6,50.7,50.8,50.9,,,
996,19.9,383.06666666666666,36.0,42.2,49.7,50.7,50.8,50.9,,,
997,20.1,384.1166666666666,36.2,42.4,49.8,50.7,50.9,50.9,,,
998,20.3,384.9166666666667,36.4,42.6,49.9,50.7,50.9,50.8,,,
999,20.2,385.8833333333334,36.6,42.8,50.0,50.7,50.9,50.9,,,
1000,19.9,386.06666666666666,36.8,43.0,50.1,50.7,50.9,50.9,,,
1001,20.0,386.7166666666667,37.0,43.2,50.2,50.7,50.9,50.9,,,
1002,20.3,387.73333333333335,37.2,43.5,50.2,50.7,50.9,50.9,,,
1003,20.1,388.81666666666666,37.4,43.6,50.3,50.7,50.9,50.9,,,
1004,19.8,389.81666666666666,37.6,43.8,50.4,50.7,50.9,50.9,13.8,25.4,1.3166666666666667
1005,19.8,390.31666666666666,37.9,44.0,50.4,50.7,50.9,50.9,15.2,25.2,1.7
1006,20.1,388.6166666666666,34.6,43.0,49.9,50.7,50.9,50.9,15.0,50.6,1.7
1007,20.3,381.1333333333334,32.8,42.7,49.3,50.7,50.9,50.9,14.9,50.6,1.7
1008,20.2,374.55,31.1,39.9,48.8,50.7,50.9,50.8,14.9,50.6,1.4166666666666667
1009,19.9,372.11666666666673,31.4,40.2,48.7,50.6,50.9,50.3,,,
1010,20.1,374.6166666666666,31.4,41.0,49.0,50.6,50.9,49.8,,,
1011,20.3,374.8333333333333,31.5,40.0,49.0,50.6,50.9,50.8,,,
1012,20.3,375.1499999999999,31.6,40.5,48.9,50.6,50.9,50.8,,,
1013,19.9,376.4833333333333,31.5,40.9,49.1,50.6,50.9,50.8,,,
1014,19.8,377.6333333333334,31.7,41.2,49.1,50.7,50.9,50.9,,,
1015,20.2,377.2666666666667,31.8,41.2,49.3,50.7,50.8,50.7,,,
1016,20.3,378.43333333333334,32.0,41.8,49.3,50.7,50.9,50.7,,,
1017,20.1,379.1833333333334,31.9,41.6,49.3,50.7,50.9,50.7,,,
1018,19.9,380.25,32.2,41.8,49.4,50.7,50.8,50.5,,,
1019,21.3,380.9166666666667,32.3,42.0,49.5,50.7,50.8,50.7,,,
1020,20.5,382.1666666666667,32.5,42.4,49.7,50.7,50.8,50.7,,,
1021,20.1,382.3666666666666,32.7,42.5,49.7,50.7,50.8,50.7,,,
1022,19.7,383.2166666666667,32.8,42.7,49.8,50.7,50.9,50.8,,,
1023,19.8,384.01666666666665,33.0,42.9,49.9,50.7,50.9,50.9,,,
1024,20.1,384.34999999999997,33.2,43.1,50.0,50.7,50.9,50.9,,,
1025,20.2,385.68333333333334,33.5,43.4,50.0,50.7,50.9,50.8,,,
1026,20.2,386.98333333333335,33.6,43.5,50.1,50.7,50.9,50.9,,,
1027,20.0,387.6666666666667,34.0,43.7,50.2,50.7,50.9,50.9,,,
1028,19.9,388.5833333333334,34.1,43.9,50.2,50.7,50.9,50.9,,,
1029,20.1,388.93333333333334,34.4,44.1,50.3,50.7,50.9,50.9,,,
1030,20.3,389.8333333333333,34.7,44.3,50.4,50.7,50.9,50.9,,,
1031,20.2,390.4166666666667,34.9,44.5,50.5,50.7,50.9,50.9,,,
1032,19.8,392.05,35.2,44.6,50.6,50.8,50.9,50.9,,,
1033,19.9,393.5,35.5,44.8,50.6,50.8,50.9,51.0,17.6,34.2,0.2833333333333333
1034,20.3,392.6166666666666,35.7,45.0,50.6,50.8,51.0,51.0,14.9,33.6,0.9833333333333334
1035,20.2,394.09999999999997,36.0,45.2,50.7,50.8,51.0,51.0,15.1,33.3,1.0333333333333334
1036,19.9,392.9333333333334,34.2,44.0,50.5,50.8,51.0,51.0,15.1,50.6,1.0
1037,20.0,390.13333333333327,34.6,44.2,50.6,50.8,51.0,51.0,,,
1038,20.3,390.7833333333333,34.7,45.0,50.5,50.8,51.0,51.0,,,
1039,20.4,392.25,35.1,44.7,50.5,50.8,51.0,51.0,,,
1040,20.0,392.81666666666666,35.1,44.9,50.5,50.8,51.0,51.0,,,
1041,20.0,393.28333333333336,35.4,45.3,50.6,50.8,51.0,51.0,,,
1042,20.3,394.1333333333334,35.5,45.3,50.6,50.8,51.0,51.0,,,
1043,20.3,395.31666666666666,35.6,45.7,50.7,50.9,51.0,51.1,,,
1044,20.0,396.06666666666666,35.8,45.7,50.7,50.9,51.0,51.1,,,
1045,19.9,396.61666666666673,36.2,45.9,50.8,50.9,51.1,51.1,,,
1046,20.2,397.2166666666667,36.5,46.1,50.8,50.9,51.1,51.1,,,
1047,20.4,397.9666666666667,36.6,46.2,50.8,50.9,51.1,51.1,,,
1048,20.1,398.68333333333334,36.9,46.4,50.8,50.9,51.1,51.1,,,
1049,19.8,399.56666666666666,37.4,46.5,50.9,51.0,51.2,51.2,,,
1050,20.1,400.13333333333327,37.5,46.7,50.9,51.0,51.2,51.2,,,
1051,20.4,400.6666666666667,37.7,46.9,50.9,51.0,51.2,51.2,,,
1052,20.2,401.56666666666666,38.0,47.0,50.9,51.0,51.2,51.2,,,
1053,19.8,402.5333333333333,38.3,47.2,50.9,51.0,51.2,51.3,,,
1054,19.9,403.18333333333334,38.7,47.4,51.0,51.1,51.3,51.3,,,
1055,20.2,403.6333333333334,39.0,47.5,51.0,51.1,51.3,51.3,,,
1056,20.3,404.34999999999997,39.3,47.7,51.0,51.1,51.3,51.3,,,
1057,20.1,405.05,39.6,47.8,51.0,51.1,51.3,51.4,,,
1058,19.9,405.2166666666667,39.9,48.0,51.1,51.2,51.4,51.4,,,
1059,20.1,406.06666666666666,40.2,48.2,51.1,51.2,51.4,51.4,,,
1060,20.4,407.09999999999997,40.5,48.3,51.1,51.2,51.4,51.5,,,
1061,20.2,407.6666666666667,40.8,48.4,51.2,51.2,51.5,51.5,,,
1062,19.8,408.43333333333334,41.0,48.6,51.2,51.3,51.5,51.5,,,
1063,20.1,408.7166666666667,41.4,48.7,51.2,51.3,51.5,51.6,,,
1064,20.3,408.95,41.6,48.9,51.3,51.4,51.6,51.6,,,
1065,20.3,410.21666666666664,41.9,49.0,51.3,51.4,51.6,51.6,,,
1066,19.9,411.0,42.2,49.2,51.3,51.4,51.6,51.7,,,
1067,19.8,411.4166666666667,42.4,49.3,51.4,51.4,51.7,51.7,,,
1068,20.1,411.7166666666667,42.8,49.4,51.4,51.5,51.7,51.7,,,
1069,20.3,412.43333333333334,43.0,49.6,51.4,51.5,51.7,51.8,,,
1070,20.2,413.26666666666665,43.3,49.7,51.5,51.6,51.8,51.8,,,
1071,20.0,413.8666666666666,43.5,49.8,51.5,51.6,51.8,51.8,,,
1072,19.9,414.65000000000003,43.8,50.0,51.6,51.6,51.9,51.9,,,
1073,20.3,414.7833333333333,44.1,50.1,51.6,51.7,51.9,51.9,,,
1074,20.4,415.3,44.2,50.2,51.6,51.7,52.0,52.0,,,
1075,20.1,416.75,44.5,50.4,51.6,51.8,52.0,52.0,,,
1076,19.9,418.3166666666666,44.8,50.5,51.7,51.8,52.0,52.0,,,
1077,20.0,416.8333333333333,45.0,50.6,51.8,51.9,52.1,52.1,,,
1078,20.3,417.68333333333334,45.3,50.7,51.8,51.9,52.1,52.1,19.4,28.0,0.26666666666666666
1079,20.2,418.65000000000003,45.4,50.8,51.9,51.9,52.1,52.2,15.0,27.8,1.0
1080,20.0,419.41666666666674,45.7,50.9,51.9,52.0,52.2,52.2,15.3,27.6,1.0
1081,20.0,210.99999999999997,42.0,50.5,51.9,52.1,52.3,52.3,15.1,51.9,1.0333333333333334
1082,20.5,1.7000000000000002,42.3,50.5,51.9,52.1,52.3,52.3,,,
1083,20.7,1.6166666666666665,42.0,50.7,51.9,52.1,52.3,52.3,15.4,50.9,0.26666666666666666
1084,20.5,1.633333333333333,42.3,50.6,51.9,52.1,52.3,52.1,14.9,50.3,1.0
1085,20.2,1.633333333333333,42.2,50.6,51.9,52.1,52.3,52.0,15.0,49.6,1.0
1086,20.0,1.6833333333333333,39.7,50.1,51.9,52.1,52.3,51.9,15.0,51.9,1.0166666666666666
1087,20.2,1.6666666666666667,39.4,50.3,51.9,52.0,52.2,51.9,,,
1088,20.4,1.6666666666666667,39.4,50.1,51.8,52.0,52.2,52.0,,,
1089,20.4,1.6666666666666667,39.3,50.1,51.8,52.0,52.3,52.0,,,
1090,20.2,1.6499999999999997,39.2,50.2,51.8,52.0,52.2,52.1,,,
1091,20.0,1.7333333333333334,39.3,50.3,51.8,52.0,52.2,51.9,,,
1092,20.1,1.6500000000000001,39.4,50.2,51.8,52.1,52.2,51.9,,,
1093,20.4,1.6499999999999997,39.3,50.3,51.8,52.0,52.2,52.1,,,
1094,20.5,1.6499999999999997,39.4,50.2,51.8,52.0,52.2,52.0,,,
1095,20.3,1.6666666666666667,39.4,50.2,51.8,52.0,52.2,52.1,,,
1096,20.1,1.6666666666666667,39.4,50.2,51.8,52.0,52.2,52.2,,,
1097,20.1,1.7000000000000002,39.4,50.2,51.8,52.0,52.2,52.1,,,
1098,20.3,1.6666666666666667,39.4,50.2,51.8,52.0,52.2,52.0,,,
1099,20.3,1.6499999999999997,39.4,50.1,51.8,52.0,52.2,51.8,,,
1100,20.2,1.633333333333333,39.4,50.2,51.8,52.0,52.2,52.2,,,
1101,20.2,1.6833333333333333,39.4,50.1,51.8,52.0,52.2,52.2,,,
1102,20.4,1.6833333333333336,39.4,50.1,51.8,52.0,52.2,52.2,,,
1103,20.3,1.6499999999999997,39.4,50.1,51.8,52.0,52.2,51.9,,,
1104,20.2,1.6666666666666667,39.4,50.1,51.8,52.0,52.2,52.1,,,
1105,20.3,1.6666666666666667,39.4,50.1,51.8,52.0,52.2,52.2,,,
1106,20.3,1.616666666666667,39.4,50.1,51.8,52.0,52.2,51.9,,,
1107,20.2,1.6500000000000001,39.4,50.0,51.8,52.0,52.2,52.0,,,
1108,20.2,1.6666666666666667,39.4,50.0,51.8,52.0,52.1,52.1,,,
1109,20.3,1.6666666666666667,39.5,50.0,51.8,52.0,52.2,52.1,,,
1110,20.4,1.6666666666666667,39.5,50.0,51.8,52.0,52.2,52.2,,,
1111,20.2,1.7000000000000002,39.5,50.0,51.8,52.0,52.2,52.1,,,
1112,20.2,1.6500000000000001,39.5,50.0,51.7,51.9,52.2,52.1,,,
1113,20.3,1.5999999999999999,39.5,49.9,51.7,52.0,52.2,52.1,,,
1114,20.5,1.6166666666666665,39.5,49.9,51.8,51.9,52.2,52.0,,,
1115,20.2,1.6500000000000001,39.5,49.9,51.7,51.9,52.1,52.1,,,
1116,20.0,1.7000000000000002,39.5,49.9,51.7,51.9,52.2,52.1,,,
1117,20.2,1.6500000000000001,39.5,49.9,51.7,51.9,52.2,52.1,,,
1118,20.4,1.6666666666666667,39.5,49.9,51.7,51.9,52.2,51.9,,,
1119,20.3,1.6333333333333335,39.5,49.9,51.7,51.9,52.1,52.0,,,
1120,20.2,1.6500000000000001,39.5,49.9,51.7,51.9,52.1,52.1,,,
1121,20.3,1.7000000000000002,39.5,49.8,51.7,51.9,52.1,52.1,,,
1122,20.3,1.6333333333333335,39.5,49.8,51.7,51.9,52.1,52.0,,,
1123,20.1,1.6833333333333333,39.5,49.8,51.7,51.9,52.1,52.1,,,
1124,20.3,1.6833333333333336,39.5,49.8,51.7,51.9,52.1,52.1,,,
1125,20.3,1.6833333333333336,39.5,49.8,51.7,51.9,52.1,52.1,,,
1126,20.4,1.6833333333333333,39.5,49.8,51.7,51.9,52.1,52.1,,,
1127,20.2,1.6333333333333335,39.6,49.7,51.7,51.9,52.1,52.1,,,
1128,20.3,1.6500000000000001,39.6,49.7,51.7,51.9,52.1,52.0,,,
1129,20.4,1.6666666666666667,39.6,49.7,51.7,51.9,52.1,52.1,,,
1130,20.3,1.6833333333333336,39.6,49.7,51.7,51.9,52.1,52.1,,,
1131,20.4,1.6666666666666667,39.6,49.7,51.7,51.9,52.1,52.0,,,
1132,20.4,1.6500000000000001,39.6,49.7,51.7,51.9,52.1,52.0,,,
1133,20.3,1.6666666666666663,39.6,49.7,51.7,51.9,52.1,52.0,,,
1134,20.3,1.633333333333333,39.6,49.6,51.7,51.9,52.1,52.1,,,
1135,20.4,1.6833333333333333,39.6,49.6,51.7,51.9,52.1,52.1,,,
1136,20.4,1.6500000000000001,39.6,49.6,51.7,51.9,52.1,52.1,,,
1137,20.2,1.6833333333333333,39.6,49.6,51.7,51.9,52.1,52.0,,,
1138,20.4,1.6833333333333336,39.6,49.6,51.7,51.8,52.1,52.1,,,
1139,20.4,1.6666666666666663,39.6,49.6,51.7,51.9,52.1,52.0,,,
1140,20.2,1.6833333333333333,39.6,49.6,51.7,51.9,52.1,52.0,,,
1141,20.2,1.6499999999999997,39.6,49.5,51.7,51.9,52.1,52.0,,,
1142,20.3,1.6499999999999997,39.7,49.5,51.7,51.9,52.0,51.9,,,
1143,20.4,1.6499999999999997,39.7,49.5,51.7,51.9,52.1,51.9,,,
1144,20.2,1.6499999999999997,39.7,49.5,51.7,51.9,52.0,51.9,,,
1145,20.3,1.6833333333333333,39.7,49.5,51.7,51.8,52.0,51.9,,,
1146,20.4,1.6833333333333333,39.7,49.5,51.7,51.8,52.0,51.9,,,
1147,20.4,1.6666666666666667,39.7,49.5,51.7,51.9,52.0,52.0,,,
1148,20.3,1.6666666666666663,39.7,49.4,51.7,51.8,52.0,51.9,,,
1149,20.3,1.633333333333333,39.7,49.4,51.7,51.8,52.1,52.0,,,
1150,20.4,1.6499999999999997,39.7,49.4,51.7,51.8,52.0,52.0,,,
1151,20.3,1.6666666666666667,39.7,49.4,51.6,51.8,52.0,51.9,,,
1152,20.3,1.6833333333333336,39.7,49.4,51.7,51.8,52.0,52.0,,,
1153,20.4,1.7000000000000002,39.7,49.4,51.6,51.8,52.0,51.9,,,
1154,20.4,1.6833333333333333,39.7,49.4,51.6,51.8,52.0,51.9,,,
1155,20.2,1.7000000000000002,39.7,49.4,51.7,51.8,52.0,51.8,,,
1156,20.3,1.633333333333333,39.7,49.3,51.6,51.8,52.0,51.9,,,
1157,20.4,1.6500000000000001,39.7,49.3,51.6,51.8,52.0,51.9,,,
1158,20.3,1.666666666666667,39.8,49.3,51.7,51.8,52.0,51.9,,,
1159,20.4,1.6833333333333336,39.7,49.3,51.6,51.8,52.0,51.9,,,
1160,20.4,1.7000000000000002,39.8,49.3,51.6,51.8,52.0,51.9,,,
1161,20.4,1.6666666666666667,39.8,49.3,51.7,51.8,52.0,52.0,,,
1162,20.4,1.6500000000000001,39.8,49.2,51.6,51.8,52.0,52.0,,,
1163,20.4,1.6500000000000001,39.8,49.2,51.6,51.8,52.0,51.9,,,
1164,20.4,1.6333333333333335,39.8,49.2,51.6,51.8,52.0,52.0,,,
1165,20.3,1.6666666666666667,39.8,49.2,51.6,51.8,52.0,51.9,,,
1166,20.3,1.6500000000000001,39.8,49.2,51.6,51.8,52.0,51.9,,,
1167,20.4,1.6499999999999997,39.8,49.2,51.6,51.8,52.0,51.9,,,
1168,20.2,1.6333333333333335,39.8,49.2,51.6,51.8,52.0,51.9,,,
1169,20.3,1.6333333333333335,39.8,49.2,51.6,51.8,52.0,51.9,,,
1170,20.3,1.6666666666666667,39.8,49.2,51.6,51.8,52.0,51.9,,,
1171,20.3,1.6833333333333336,39.8,49.2,51.6,51.8,52.0,51.9,,,
1172,20.3,1.6833333333333336,39.8,49.1,51.6,51.8,51.9,51.8,,,
1173,20.4,1.6666666666666667,39.8,49.1,51.6,51.8,51.9,51.9,,,
1174,20.4,1.6833333333333336,39.8,49.1,51.6,51.8,52.0,51.9,,,
1175,20.3,1.6499999999999997,39.9,49.1,51.6,51.7,52.0,51.9,,,
1176,20.4,1.6500000000000001,39.9,49.1,51.6,51.8,52.0,51.8,,,
1177,20.4,1.6333333333333335,39.9,49.1,51.6,51.7,51.9,51.9,,,
1178,20.4,1.633333333333333,39.9,49.1,51.6,51.8,51.9,51.9,,,
1179,20.3,1.666666666666667,39.9,49.1,51.6,51.7,51.9,51.9,,,
1180,20.3,1.6833333333333333,39.9,49.0,51.6,51.7,51.9,51.7,,,
1181,20.4,1.6666666666666663,39.9,49.0,51.6,51.8,51.9,51.9,,,
1182,20.4,1.6499999999999997,39.9,49.0,51.6,51.7,51.9,51.8,,,
1183,20.2,1.633333333333333,39.9,49.0,51.6,51.7,51.9,51.9,,,
1184,20.3,1.6666666666666667,39.9,49.0,51.6,51.7,51.9,51.9,,,
1185,20.4,1.6666666666666667,39.9,49.0,51.6,51.7,51.9,51.9,,,
1186,20.3,1.6833333333333333,39.9,49.0,51.6,51.7,51.9,51.8,,,
1187,20.2,1.6666666666666663,39.9,48.9,51.6,51.7,51.9,51.9,,,
1188,20.3,1.6666666666666667,39.9,49.0,51.6,51.7,51.9,51.8,,,
1189,20.4,1.6666666666666663,39.9,48.9,51.6,51.7,51.9,51.9,,,
1190,20.3,1.6166666666666665,40.0,48.9,51.6,51.7,51.9,51.9,,,
1191,20.3,1.633333333333333,40.0,48.9,51.6,51.7,51.9,51.8,,,
1192,20.4,1.6499999999999997,39.9,48.9,51.5,51.7,51.9,51.7,,,
1193,20.3,1.6666666666666667,40.0,48.9,51.6,51.7,51.9,51.8,,,
1194,20.2,1.6833333333333333,40.0,48.9,51.6,51.7,51.9,51.8,,,
1195,20.4,1.6499999999999997,40.0,48.9,51.5,51.7,51.9,51.9,,,
1196,20.4,1.6666666666666667,40.0,48.9,51.5,51.7,51.9,51.9,,,
1197,20.2,1.633333333333333,40.0,48.9,51.5,51.7,51.9,51.8,,,
1198,20.2,1.6499999999999997,40.0,48.8,51.5,51.7,51.9,51.8,,,
1199,20.4,1.7000000000000002,40.0,48.8,51.5,51.7,51.9,51.8,,,
1200,20.4,1.6499999999999997,40.0,48.8,51.5,51.7,51.9,51.8,,,
1201,20.3,1.6833333333333333,40.0,48.8,51.5,51.7,51.9,51.8,,,
1202,20.2,1.6666666666666667,40.0,48.8,51.5,51.7,51.9,51.8,,,
1203,20.3,1.6499999999999997,40.0,48.8,51.5,51.7,51.9,51.8,,,
1204,20.3,1.6499999999999997,40.0,48.8,51.5,51.7,51.9,51.8,,,
1205,20.3,1.6666666666666663,40.0,48.8,51.5,51.7,51.9,51.8,,,
1206,20.3,1.6666666666666663,40.0,48.8,51.5,51.7,51.8,51.7,,,
1207,20.4,1.6500000000000001,40.0,48.8,51.5,51.7,51.8,51.7,,,
1208,20.3,1.6333333333333335,40.0,48.8,51.5,51.7,51.9,51.6,,,
1209,20.3,1.6833333333333333,40.0,48.7,51.5,51.6,51.9,51.7,,,
1210,20.4,1.6499999999999997,40.1,48.7,51.5,51.7,51.8,51.7,,,
1211,20.3,1.6333333333333335,40.1,48.7,51.5,51.7,51.8,51.7,,,
1212,20.2,1.6833333333333336,40.1,48.7,51.5,51.7,51.8,51.7,,,
1213,20.3,1.6833333333333336,40.1,48.7,51.5,51.6,51.8,51.5,,,
1214,20.4,1.6833333333333333,40.1,48.7,51.5,51.6,51.8,51.8,,,
1215,20.4,1.6500000000000001,40.1,48.7,51.5,51.6,51.8,51.8,,,
1216,20.3,1.6833333333333333,40.1,48.7,51.5,51.6,51.8,51.7,,,
1217,20.3,1.633333333333333,40.1,48.7,51.5,51.6,51.8,51.8,,,
1218,20.4,1.6500000000000004,40.1,48.6,51.5,51.6,51.8,51.8,,,
1219,20.2,1.6666666666666667,40.1,48.6,51.5,51.6,51.8,51.7,,,
1220,20.2,1.6500000000000001,40.1,48.6,51.5,51.6,51.8,51.8,,,
1221,20.4,1.666666666666667,40.1,48.6,51.5,51.6,51.8,51.7,,,
1222,20.5,1.666666666666667,40.1,48.6,51.5,51.6,51.8,51.5,,,
1223,20.2,1.666666666666667,40.1,48.6,51.5,51.6,51.8,51.7,,,
1224,20.2,1.6833333333333333,40.1,48.6,51.5,51.6,51.8,51.7,,,
1225,20.4,1.6500000000000001,40.1,48.6,51.5,51.6,51.8,51.7,,,
1226,20.4,1.6500000000000001,40.1,48.6,51.5,51.6,51.8,51.7,,,
1227,20.3,1.6500000000000001,40.1,48.6,51.5,51.6,51.8,51.6,,,
1228,20.3,1.6833333333333336,40.1,48.6,51.5,51.6,51.8,51.7,,,
1229,20.3,1.6666666666666667,40.1,48.5,51.4,51.6,51.8,51.7,,,
1230,20.2,1.6499999999999997,40.1,48.5,51.4,51.6,51.8,51.7,,,
1231,20.2,1.6166666666666665,40.2,48.5,51.4,51.6,51.8,51.6,,,
1232,20.5,1.6499999999999997,40.2,48.5,51.4,51.6,51.8,51.6,,,
1233,20.3,1.6666666666666667,40.1,48.5,51.4,51.6,51.8,51.7,,,
1234,20.2,1.6833333333333333,40.2,48.5,51.4,51.6,51.8,51.7,,,
1235,20.2,1.633333333333333,40.1,48.5,51.4,51.6,51.7,51.5,,,
1236,20.4,1.6499999999999997,40.2,48.5,51.4,51.6,51.8,51.5,,,
1237,20.5,1.6500000000000001,40.2,48.5,51.4,51.6,51.7,51.6,,,
1238,20.3,1.6499999999999997,40.2,48.5,51.4,51.6,51.7,51.4,,,
1239,20.2,1.633333333333333,40.2,48.5,51.4,51.6,51.8,51.6,,,
1240,20.4,1.6500000000000001,40.2,48.5,51.4,51.6,51.7,51.5,,,
1241,20.4,1.6833333333333333,40.2,48.4,51.4,51.6,51.7,51.2,,,
1242,20.3,1.6499999999999997,40.2,48.4,51.4,51.5,51.7,51.2,,,
1243,20.2,1.7000000000000002,40.2,48.4,51.4,51.5,51.7,51.6,,,
1244,20.5,1.633333333333333,40.2,48.4,51.4,51.5,51.7,51.5,,,
1245,20.4,1.6166666666666665,40.2,48.4,51.4,51.6,51.7,51.3,,,
1246,20.3,1.6666666666666667,40.2,48.4,51.4,51.5,51.7,51.6,,,
1247,20.3,1.6666666666666663,40.2,48.4,51.4,51.5,51.7,51.6,,,
1248,20.4,1.6833333333333333,40.2,48.4,51.4,51.5,51.7,51.5,,,
1249,20.3,1.6499999999999997,40.2,48.4,51.4,51.5,51.7,51.6,,,
1250,20.2,1.6499999999999997,40.2,48.4,51.4,51.5,51.7,51.5,,,
1251,20.4,1.6666666666666667,40.2,48.4,51.4,51.5,51.7,51.5,,,
1252,20.4,1.6166666666666665,40.2,48.3,51.4,51.5,51.7,51.5,,,
1253,20.4,1.6666666666666663,40.2,48.3,51.4,51.5,51.7,51.6,,,
1254,20.3,1.6499999999999997,40.2,48.3,51.4,51.5,51.7,51.6,,,
1255,20.4,1.633333333333333,40.2,48.3,51.4,51.5,51.7,51.6,,,
1256,20.4,1.6833333333333336,40.2,48.3,51.4,51.5,51.7,51.5,,,
1257,20.2,1.6833333333333336,40.2,48.3,51.3,51.5,51.7,51.6,,,
1258,20.2,1.6666666666666667,40.2,48.3,51.3,51.5,51.7,51.6,,,
1259,20.4,1.633333333333333,40.3,48.3,51.4,51.5,51.7,51.6,,,
1260,20.3,1.6666666666666667,40.2,48.3,51.3,51.5,51.7,51.7,,,
1261,20.3,1.6666666666666663,40.3,48.3,51.3,51.5,51.7,51.5,,,
1262,20.3,1.6833333333333336,40.3,48.3,51.3,51.5,51.7,51.3,,,
1263,20.4,1.6833333333333333,40.3,48.3,51.3,51.5,51.6,51.2,,,
1264,20.3,1.6666666666666663,40.3,48.3,51.3,51.5,51.7,51.6,,,
1265,20.2,1.6833333333333333,40.3,48.2,51.3,51.5,51.7,51.6,,,
1266,20.4,1.6500000000000001,40.3,48.2,51.3,51.5,51.7,51.6,,,
1267,20.4,1.6500000000000001,40.3,48.2,51.3,51.5,51.7,51.5,,,
1268,20.3,1.6500000000000001,40.3,48.2,51.3,51.4,51.6,51.6,,,
1269,20.2,1.6666666666666667,40.3,48.2,51.3,51.4,51.7,51.5,,,
1270,20.4,1.6666666666666667,40.3,48.2,51.3,51.4,51.6,51.6,,,
1271,20.3,1.6666666666666667,40.3,48.2,51.3,51.5,51.6,51.6,,,
1272,20.3,1.7000000000000002,40.3,48.2,51.3,51.5,51.6,51.6,,,
1273,20.3,1.6333333333333335,40.3,48.2,51.3,51.4,51.6,51.3,20.5,23.6,0.2833333333333333
1274,20.4,1.633333333333333,40.3,48.2,51.3,51.5,51.6,51.6,15.8,23.6,1.0
1275,20.3,1.6500000000000004,40.3,48.2,51.3,51.5,51.6,51.5,15.3,23.6,1.0
1276,20.3,1.6500000000000001,38.2,47.4,51.2,51.4,51.6,51.5,15.1,51.3,1.0166666666666666
1277,20.4,1.7000000000000002,36.6,46.7,51.2,51.4,51.6,51.6,15.1,51.3,1.0
1278,20.3,1.6333333333333335,37.0,46.6,51.0,51.4,51.6,51.6,,,
1279,20.1,1.6500000000000001,36.9,46.9,51.0,51.4,51.6,51.6,,,
1280,20.3,1.6500000000000001,37.0,47.1,51.0,51.4,51.6,51.5,,,
1281,20.3,1.6166666666666665,36.9,46.8,51.0,51.4,51.6,51.4,,,
1282,20.2,1.6833333333333333,36.9,46.8,51.0,51.4,51.6,51.5,,,
1283,20.3,1.6499999999999997,36.9,46.8,50.9,51.4,51.6,51.4,,,
1284,20.3,1.666666666666667,36.9,46.7,51.0,51.4,51.6,51.3,,,
1285,20.3,1.6666666666666667,36.9,46.9,51.0,51.4,51.6,51.4,,,
1286,20.2,1.6500000000000001,36.9,46.6,51.0,51.4,51.6,51.3,,,
1287,20.3,1.6666666666666667,37.0,46.9,50.9,51.4,51.6,51.5,,,
1288,20.3,1.6166666666666665,37.0,46.7,50.9,51.3,51.6,51.6,16.5,45.1,0.2833333333333333
1289,20.3,1.6666666666666667,36.9,46.7,51.0,51.4,51.6,51.3,15.0,44.6,1.0
1290,20.3,1.6666666666666667,37.0,46.7,51.0,51.4,51.6,51.3,15.1,44.1,1.0
1291,20.3,1.666666666666667,35.3,46.0,50.9,51.3,51.6,51.5,15.0,51.3,1.0
1292,20.2,1.6833333333333333,34.3,44.8,50.8,51.3,51.6,51.6,14.9,51.3,0.9333333333333332
1293,20.3,1.6500000000000001,34.4,44.6,50.7,51.3,51.6,51.2,,,
1294,20.3,1.6333333333333335,34.3,44.8,50.7,51.2,51.5,51.5,,,
1295,20.3,1.633333333333333,34.2,44.1,50.7,51.2,51.6,51.6,,,
1296,20.2,1.6500000000000004,34.3,44.3,50.6,51.2,51.5,51.5,,,
1297,20.3,1.6833333333333333,34.3,44.5,50.7,51.2,51.5,51.5,,,
1298,20.4,1.6500000000000004,34.3,44.3,50.7,51.2,51.5,51.5,,,
1299,20.2,1.6499999999999997,34.3,44.5,50.7,51.2,51.5,51.5,,,
1300,20.3,1.6500000000000001,34.3,44.4,50.6,51.2,51.5,51.5,,,
1301,20.4,1.6333333333333335,34.3,44.4,50.6,51.2,51.5,51.4,,,
1302,20.2,1.633333333333333,34.3,44.2,50.7,51.2,51.5,51.5,,,
1303,20.3,1.633333333333333,34.3,44.3,50.6,51.2,51.5,51.5,,,
1304,20.4,1.6666666666666667,34.3,44.3,50.6,51.2,51.5,51.4,16.0,44.8,1.3666666666666665
1305,20.3,1.7000000000000002,34.3,44.2,50.6,51.2,51.5,51.2,15.0,44.3,1.7
1306,20.2,1.6666666666666667,32.4,41.7,50.6,51.2,51.5,51.4,15.0,51.2,1.7
1307,20.3,8.233333333333334,32.5,41.1,50.4,51.0,51.5,51.5,14.9,51.1,0.2833333333333333
1308,20.3,188.98333333333335,32.3,39.4,50.5,51.1,51.5,51.4,,,
1309,20.0,365.23333333333335,32.3,40.9,50.3,51.1,51.5,51.2,,,
1310,19.9,368.9166666666667,32.4,40.9,50.2,51.1,51.4,51.2,,,
1311,20.1,369.06666666666666,32.6,41.1,50.1,51.1,51.4,51.3,,,
1312,20.2,376.05,32.6,41.2,50.1,51.1,51.4,51.2,,,
1313,20.3,379.51666666666665,32.7,41.4,50.1,51.0,51.4,51.3,,,
1314,20.0,368.51666666666665,32.8,41.4,50.1,51.1,51.4,51.3,,,
1315,20.0,364.1833333333334,33.0,41.9,50.2,51.1,51.4,51.4,,,
1316,20.2,363.7666666666667,33.3,42.4,50.0,51.0,51.4,51.2,,,
1317,20.3,363.95000000000005,33.4,42.3,50.2,51.1,51.4,51.0,,,
1318,20.1,364.01666666666665,33.4,42.4,50.1,51.0,51.4,51.4,,,
1319,20.0,363.3666666666666,33.7,42.6,50.2,51.0,51.4,51.3,13.9,42.0,1.3166666666666667
1320,20.1,365.25,33.9,43.0,50.2,51.0,51.4,51.4,15.0,41.4,1.7
1321,20.3,363.45,32.3,40.6,49.9,51.0,51.3,51.0,15.0,51.1,1.7166666666666666
1322,20.2,356.4166666666667,32.5,40.3,49.7,50.9,51.3,50.7,14.9,50.9,0.2833333333333333
1323,19.9,358.26666666666665,32.4,40.5,49.9,50.9,51.3,51.0,,,
1324,20.0,361.1166666666666,32.4,40.5,50.0,50.9,51.3,50.7,,,
1325,20.2,361.09999999999997,32.5,41.8,49.9,50.9,51.3,51.0,,,
1326,20.3,361.1666666666667,32.6,41.4,49.9,51.0,51.3,51.0,,,
1327,20.2,363.38333333333327,32.6,41.5,50.0,50.9,51.3,51.2,,,
1328,19.9,364.2333333333333,32.8,42.3,50.0,50.9,51.3,51.1,,,
1329,20.1,363.95000000000005,33.1,42.3,50.1,51.0,51.3,50.9,,,
1330,20.2,365.8666666666666,33.0,42.5,50.2,50.9,51.3,50.8,,,
1331,20.3,367.98333333333335,33.1,42.8,50.1,51.0,51.3,51.0,,,
1332,20.1,366.8,33.6,42.9,50.3,51.0,51.3,51.3,,,
1333,20.0,369.2666666666667,33.7,43.4,50.3,51.0,51.3,51.1,,,
1334,20.2,368.3333333333333,34.0,43.4,50.4,51.0,51.3,51.2,,,
1335,20.3,369.0,33.9,43.7,50.4,51.0,51.3,51.3,15.1,41.0,2.466666666666667
1336,20.2,363.75,32.4,39.5,49.9,51.0,51.3,50.9,14.9,51.0,3.033333333333333
1337,20.0,349.28333333333336,30.3,32.8,49.2,50.9,51.2,51.1,14.9,51.0,3.0
1338,20.0,330.51666666666665,28.6,29.7,47.9,50.7,51.2,51.1,14.9,51.0,3.0
1339,20.2,315.0,26.9,27.9,46.0,50.6,51.1,51.0,14.9,51.0,3.0
1340,20.4,304.43333333333334,26.1,26.5,43.6,50.2,51.0,50.9,14.9,50.9,1.5
1341,20.3,303.6333333333333,26.0,26.4,43.9,50.3,51.0,51.1,,,
1342,19.9,311.21666666666664,26.1,26.9,43.8,50.3,51.0,51.0,,,
1343,19.9,310.8,26.1,27.0,43.9,50.2,51.0,50.8,,,
1344,20.3,310.3666666666666,26.1,27.4,44.0,50.2,51.0,50.8,,,
1345,20.2,311.93333333333334,26.2,27.8,44.2,50.3,51.0,51.0,,,
1346,20.2,311.7,26.1,28.0,44.2,50.2,51.0,50.9,,,
1347,19.8,312.95,26.2,28.3,44.3,50.2,51.0,51.0,,,
1348,20.0,312.6666666666667,26.3,28.6,44.2,50.2,51.0,51.1,,,
1349,20.1,315.15000000000003,26.3,28.9,44.4,50.2,51.0,50.9,,,
1350,20.3,314.70000000000005,26.3,29.2,44.2,50.2,51.0,51.0,,,
1351,20.0,315.50000000000006,26.4,29.4,44.7,50.2,51.0,50.9,,,
1352,19.9,316.4333333333334,26.5,29.7,44.3,50.2,51.0,50.6,,,
1353,20.1,317.65000000000003,26.5,30.0,44.5,50.2,51.0,50.9,,,
1354,20.2,318.4166666666667,26.6,30.2,44.5,50.2,51.0,50.9,,,
1355,20.2,319.2,26.7,30.5,44.7,50.2,51.0,51.0,,,
1356,19.9,319.41666666666663,26.8,30.8,44.6,50.2,51.0,50.7,,,
1357,20.0,320.51666666666665,26.9,31.0,44.7,50.2,51.0,50.9,,,
1358,20.2,322.48333333333335,27.0,31.3,44.9,50.2,51.0,50.8,,,
1359,20.2,322.7833333333333,27.1,31.6,44.9,50.2,50.9,50.9,,,
1360,20.2,322.9166666666667,27.2,31.9,45.0,50.1,50.9,50.8,,,
1361,19.9,324.1166666666666,27.4,32.2,45.1,50.2,50.9,50.7,,,
1362,19.9,325.2666666666667,27.5,32.4,45.1,50.2,50.9,50.9,,,
1363,20.2,326.18333333333334,27.6,32.7,45.1,50.2,50.9,51.0,,,
1364,20.2,326.9166666666667,27.7,32.9,45.3,50.1,50.9,50.5,,,
1365,20.0,327.81666666666666,27.9,33.2,45.3,50.1,50.9,50.6,,,
1366,20.5,328.7166666666667,28.0,33.5,45.3,50.1,50.9,50.8,,,
1367,20.1,329.3666666666667,28.2,33.7,45.5,50.1,50.9,50.6,,,
1368,20.2,329.7,28.3,34.0,45.5,50.1,50.9,50.6,,,
1369,20.2,331.0,28.5,34.2,45.6,50.1,50.9,50.6,,,
1370,19.7,332.3666666666666,28.7,34.5,45.7,50.1,50.9,50.7,,,
1371,19.8,333.3833333333333,28.8,34.7,45.8,50.1,50.9,50.5,,,
1372,20.0,333.41666666666663,29.0,34.9,45.9,50.1,50.9,50.7,,,
1373,20.1,335.15000000000003,29.1,35.2,45.9,50.1,50.9,50.8,,,
1374,20.1,336.46666666666664,29.3,35.4,46.0,50.1,50.9,50.8,,,
1375,19.8,336.71666666666664,29.4,35.7,46.1,50.1,50.9,50.2,,,
1376,19.7,336.96666666666664,29.7,35.9,46.2,50.1,50.8,50.7,,,
1377,20.0,339.93333333333334,29.8,36.1,46.3,50.1,50.8,50.6,,,
1378,20.0,339.8,30.0,36.4,46.4,50.1,50.8,50.7,,,
1379,19.9,339.5,30.2,36.6,46.4,50.1,50.8,50.5,,,
1380,19.8,340.95,30.4,36.9,46.5,50.1,50.8,50.6,,,
1381,20.0,341.54999999999995,30.6,37.1,46.7,50.1,50.8,50.5,,,
1382,20.1,341.84999999999997,30.8,37.3,46.7,50.1,50.8,50.5,,,
1383,20.1,343.0,30.9,37.5,46.8,50.1,50.8,50.6,,,
1384,19.9,343.86666666666673,31.1,37.7,46.9,50.1,50.8,50.6,,,
1385,19.8,344.8333333333333,31.3,38.0,47.0,50.1,50.8,50.3,,,
1386,20.1,345.7833333333333,31.5,38.2,47.1,50.1,50.8,50.7,,,
1387,20.1,346.4166666666667,31.7,38.4,47.2,50.1,50.8,50.4,,,
1388,19.9,347.4666666666667,31.9,38.6,47.3,50.1,50.7,50.4,,,
1389,19.8,348.34999999999997,32.1,38.8,47.4,50.1,50.7,50.3,,,
1390,20.0,349.04999999999995,32.3,39.1,47.5,50.1,50.8,50.3,,,
1391,20.0,349.9166666666667,32.5,39.3,47.5,50.0,50.7,50.2,,,
1392,20.1,350.7333333333333,32.7,39.5,47.7,50.1,50.7,50.4,,,
1393,20.0,351.79999999999995,32.9,39.7,47.7,50.0,50.8,50.4,,,
1394,19.8,352.1499999999999,33.1,39.9,47.9,50.1,50.7,50.4,,,
1395,20.1,353.6166666666666,33.3,40.1,47.9,50.0,50.7,50.5,,,
1396,20.2,354.55,33.5,40.3,48.0,50.1,50.7,50.5,,,
1397,20.0,355.1333333333334,33.7,40.5,48.1,50.0,50.7,50.4,,,
1398,19.7,356.26666666666665,34.0,40.7,48.2,50.1,50.7,50.5,,,
1399,19.9,357.0833333333333,34.1,41.0,48.3,50.0,50.7,50.4,,,
1400,20.0,357.43333333333334,34.4,41.2,48.4,50.1,50.7,50.1,,,
1401,20.1,358.29999999999995,34.5,41.4,48.5,50.1,50.7,50.5,,,
1402,20.2,359.9166666666667,34.8,41.6,48.6,50.1,50.7,50.1,,,
1403,19.9,359.6166666666666,35.0,41.8,48.7,50.1,50.7,50.0,,,
1404,19.9,361.40000000000003,35.2,42.0,48.8,50.1,50.7,50.2,,,
1405,20.1,361.76666666666665,35.4,42.2,48.9,50.1,50.7,50.4,,,
1406,20.0,363.20000000000005,35.6,42.3,49.0,50.1,50.7,50.3,,,
1407,19.8,363.18333333333334,35.8,42.5,49.0,50.2,50.7,50.3,,,
1408,19.8,364.6666666666667,36.1,42.7,49.1,50.2,50.7,50.5,,,
1409,20.1,364.45,36.3,42.9,49.2,50.2,50.7,50.2,,,
1410,20.2,365.23333333333335,36.5,43.1,49.3,50.2,50.7,50.2,,,
1411,19.9,366.51666666666665,36.7,43.3,49.4,50.3,50.7,50.1,,,
1412,19.8,367.65000000000003,36.9,43.5,49.5,50.3,50.7,50.4,,,
1413,20.0,368.2,37.1,43.7,49.6,50.3,50.7,50.5,,,
1414,20.1,369.48333333333335,37.3,43.9,49.6,50.3,50.7,50.5,,,
1415,20.0,370.26666666666665,37.5,44.0,49.7,50.3,50.6,50.3,,,
1416,19.8,370.95000000000005,37.8,44.2,49.8,50.4,50.6,50.4,,,
1417,19.9,371.73333333333335,38.0,44.4,49.8,50.4,50.6,50.2,,,
1418,20.0,371.43333333333334,38.2,44.6,49.9,50.4,50.6,50.4,,,
1419,20.1,372.05,38.4,44.8,50.0,50.4,50.6,50.4,,,
1420,20.1,372.8666666666666,38.6,44.9,50.0,50.4,50.6,50.5,,,
1421,19.9,373.6333333333334,38.8,45.1,50.1,50.5,50.7,50.6,,,
1422,20.0,374.2166666666667,39.0,45.3,50.1,50.5,50.7,50.7,,,
1423,20.1,374.59999999999997,39.2,45.5,50.2,50.5,50.7,50.7,,,
1424,20.1,375.54999999999995,39.4,45.6,50.2,50.5,50.7,50.7,,,
1425,19.9,376.76666666666665,39.7,45.8,50.3,50.5,50.7,50.7,,,
1426,19.8,377.43333333333334,39.9,46.0,50.4,50.5,50.7,50.7,,,
1427,20.0,378.4166666666667,40.1,46.2,50.4,50.5,50.7,50.7,,,
1428,20.2,379.1000000000001,40.3,46.3,50.5,50.6,50.7,50.8,,,
1429,20.0,379.73333333333335,40.5,46.5,50.5,50.6,50.8,50.8,,,
1430,19.9,380.36666666666673,40.7,46.7,50.5,50.6,50.8,50.8,,,
1431,20.1,381.31666666666666,40.9,46.8,50.5,50.6,50.8,50.8,,,
1432,20.2,381.8666666666666,41.1,47.0,50.5,50.6,50.8,50.8,,,
1433,20.0,382.9166666666667,41.4,47.2,50.6,50.7,50.9,50.8,,,
1434,19.8,383.33333333333326,41.6,47.3,50.6,50.7,50.9,50.9,,,
1435,20.0,384.26666666666665,41.8,47.5,50.6,50.7,50.9,50.9,,,
1436,20.1,384.4166666666667,42.0,47.6,50.6,50.7,50.9,50.9,,,
1437,20.2,385.88333333333327,42.2,47.8,50.6,50.8,51.0,51.0,,,
1438,19.8,386.75,42.4,48.0,50.7,50.8,51.0,51.0,,,
1439,19.8,387.2,42.6,48.1,50.8,50.8,51.0,51.1,,,
